I,10.19,-9.67,0,22,16,3,25,24,5,45,30,6,38,13,12,26,7,41,1
I,10.19,-9.67,0,48,22,1,47,19,39,5,32,48,24,11,24,14,42,25,23
I,10.19,-9.67,0,3,30,16,45,27,27,23,24,14,36,2,13,48,49,24,18
I,10.19,-9.67,0,38,31,3,11,36,44,4,7,5,9,49,46,37,4,40,2
I,10.19,-9.67,0,23,44,43,18,17,22,19,24,42,16,18,3,18,45,39,7
I,10.31,-9.59,0,27,17,39,20,6,28,3,2,23,43,10,9,7,38,27,47
I,10.31,-9.59,0,24,33,26,18,40,26,12,2,12,15,7,49,23,2,9,44
I,10.31,-9.59,0,21,31,1,2,4,15,17,27,17,27,34,38,11,25,14,25
I,10.31,-9.59,0,28,16,35,43,4,48,33,23,47,20,49,32,16,44,10,25
I,10.31,-9.59,0,11,49,28,15,0,5,2,19,0,18,5,30,10,14,24,24
I,10.28,-9.62,0,10,17,11,12,23,45,16,19,27,34,4,39,7,8,11,39
I,10.28,-9.62,0,22,31,40,37,0,31,19,23,24,45,8,31,32,31,38,13
I,10.28,-9.62,0,48,29,12,26,14,15,41,47,23,6,37,4,11,30,11,8
I,10.28,-9.62,0,2,25,41,23,14,7,7,31,16,20,10,4,11,45,13,33
I,10.28,-9.62,0,36,22,18,16,16,7,22,23,30,11,35,16,17,36,16,21
I,10.14,-9.64,0,45,21,11,7,38,41,27,14,35,10,41,2,7,38,30,2
I,10.14,-9.64,0,12,10,5,12,4,36,33,9,2,7,46,12,6,18,31,40
I,10.14,-9.64,0,26,1,30,6,48,45,20,29,18,26,42,34,14,46,46,32
I,10.14,-9.64,0,6,5,18,40,4,19,18,2,14,3,39,30,24,29,14,33
I,10.14,-9.64,0,39,46,4,40,25,44,23,35,5,8,33,22,15,27,45,17
I,10.19,-9.64,0,5,12,24,40,22,16,3,31,10,48,1,11,24,47,46,26
I,10.19,-9.64,0,21,3,1,12,0,20,6,17,24,39,14,23,29,27,7,10
I,10.19,-9.64,0,31,32,40,1,46,34,35,9,19,28,5,26,36,43,45,19
I,10.19,-9.64,0,2,12,25,43,34,49,22,29,24,9,29,5,14,0,9,14
I,10.19,-9.64,0,11,5,10,6,5,21,21,19,41,23,30,18,37,5,1,25
I,10.24,-9.66,0,30,14,29,15,3,38,17,19,26,13,31,33,11,37,36,42
I,10.24,-9.66,0,13,10,46,36,43,37,45,10,27,49,46,34,0,24,39,23
I,10.24,-9.66,0,23,35,4,36,12,5,48,29,22,24,30,9,26,4,42,26
I,10.24,-9.66,0,23,24,34,43,39,43,49,13,34,3,36,16,25,25,9,0
I,10.24,-9.66,0,16,29,13,1,48,8,23,43,1,28,28,8,44,2,28,17
I,10.10,-9.64,0,11,26,22,11,16,1,16,14,11,35,39,13,2,49,12,28
I,10.10,-9.64,0,11,30,7,14,43,3,15,24,28,16,21,29,2,20,2,7
I,10.10,-9.64,0,48,19,2,0,17,44,2,42,28,6,13,29,15,26,5,20
I,10.10,-9.64,0,4,10,11,35,2,22,13,14,48,15,40,45,23,16,11,26
I,10.10,-9.64,0,47,12,20,31,6,45,43,32,47,48,5,48,38,17,11,23
I,10.19,-9.61,0,35,42,49,43,26,35,25,3,46,26,14,12,18,47,1,24
I,10.19,-9.61,0,37,46,20,34,29,5,46,20,37,27,38,9,36,27,18,13
I,10.19,-9.61,0,13,23,14,18,7,42,8,15,29,48,14,25,18,27,27,0
I,10.19,-9.61,0,18,31,25,36,39,4,42,46,35,24,40,27,26,46,25,6
I,10.19,-9.61,0,29,45,16,46,4,27,2,32,21,38,12,20,46,23,47,6
I,10.29,-9.52,0,44,19,30,34,43,24,33,29,38,40,29,24,20,28,28,15
I,10.29,-9.52,0,31,16,1,25,30,37,12,32,3,18,49,3,41,0,19,42
I,10.29,-9.52,0,1,33,27,24,36,28,16,47,2,46,38,31,36,36,14,14
I,10.29,-9.52,0,6,6,12,25,33,32,36,7,45,14,12,36,47,23,29,27
I,10.29,-9.52,0,11,24,48,11,25,47,27,5,23,48,11,9,26,27,38,32
I,10.21,-9.70,0,16,30,16,29,24,37,26,10,37,9,37,22,42,18,19,17
I,10.21,-9.70,0,47,44,36,34,32,3,38,1,48,22,37,48,20,16,14,49
I,10.21,-9.70,0,24,23,4,29,12,10,9,12,37,24,10,22,38,40,14,45
I,10.21,-9.70,0,38,15,17,21,33,24,16,42,2,32,0,30,36,25,14,35
I,10.21,-9.70,0,31,38,11,37,28,21,3,37,9,25,46,16,24,8,45,24
I,10.24,-9.61,0,8,47,33,16,19,24,20,33,19,47,12,38,32,10,42,25
I,10.24,-9.61,0,9,27,8,23,14,24,2,15,41,0,29,12,21,28,42,18
I,10.24,-9.61,0,4,49,12,39,21,18,11,37,19,9,41,41,25,33,15,2
I,10.24,-9.61,0,1,8,12,29,40,27,4,29,38,24,24,36,23,19,4,27
I,10.24,-9.61,0,21,17,42,48,28,3,34,20,2,49,27,19,15,48,34,49
I,10.19,-9.63,0,20,42,38,38,17,12,45,0,37,9,4,27,44,1,45,28
I,10.19,-9.63,0,41,27,48,7,12,38,24,8,10,16,17,17,32,31,43,32
I,10.19,-9.63,0,11,22,46,9,8,1,12,34,25,8,35,19,13,32,29,19
I,10.19,-9.63,0,6,12,23,5,39,44,28,9,43,4,44,23,36,28,29,44
I,10.19,-9.63,0,10,18,29,6,5,42,14,44,33,0,16,31,10,10,8,40
I,10.12,-9.65,0,38,38,21,18,47,43,11,34,23,6,36,48,49,36,33,15
I,10.12,-9.65,0,12,16,20,47,30,19,9,49,24,49,3,38,42,34,49,10
I,10.12,-9.65,0,24,16,19,45,35,28,26,38,7,13,29,2,11,49,15,43
I,10.12,-9.65,0,40,37,32,29,27,32,6,3,45,4,30,46,37,40,44,8
I,10.12,-9.65,0,12,8,25,9,0,10,30,36,42,5,32,2,46,44,31,30
I,10.17,-9.65,0,21,12,34,48,40,5,32,12,11,39,30,36,47,47,16,13
I,10.17,-9.65,0,41,29,10,33,5,24,37,46,13,48,1,44,31,21,1,21
I,10.17,-9.65,0,42,49,26,6,13,23,22,2,46,33,1,11,8,4,38,20
I,10.17,-9.65,0,0,12,20,49,35,40,10,33,37,35,1,27,33,45,29,10
I,10.17,-9.65,0,20,3,34,5,23,41,43,34,2,1,42,45,43,42,48,2
I,10.16,-9.58,0,34,41,46,36,26,9,9,21,25,17,5,26,43,47,16,10
I,10.16,-9.58,0,46,2,42,2,12,28,32,7,26,12,9,21,48,29,7,6
I,10.16,-9.58,0,39,26,49,34,8,10,11,9,16,3,49,40,21,32,3,42
I,10.16,-9.58,0,47,19,27,33,39,25,49,43,31,0,49,2,10,10,26,3
I,10.16,-9.58,0,21,36,29,26,30,49,26,21,39,24,33,14,15,11,7,0
I,10.25,-9.61,0,28,7,39,16,26,48,47,41,24,5,10,11,22,11,45,48
I,10.25,-9.61,0,49,46,26,39,46,11,38,44,9,24,19,45,43,27,39,35
I,10.25,-9.61,0,48,15,7,32,1,48,42,24,46,49,33,18,26,25,8,21
I,10.25,-9.61,0,11,39,49,0,3,2,7,20,5,22,46,21,2,10,17,0
I,10.25,-9.61,0,2,49,5,24,26,33,43,28,27,42,47,31,29,24,21,8
I,10.21,-9.65,0,7,30,0,14,35,10,28,8,18,41,41,38,12,43,41,49
I,10.21,-9.65,0,1,44,3,39,37,12,11,32,30,31,3,10,4,44,12,48
I,10.21,-9.65,0,20,36,38,47,34,35,16,48,27,10,33,21,10,36,20,6
I,10.21,-9.65,0,30,6,29,44,39,17,48,13,42,13,35,45,17,33,23,33
I,10.21,-9.65,0,15,42,42,18,30,18,13,11,12,23,32,39,22,43,13,43
I,10.22,-9.62,0,9,3,26,22,22,20,24,22,14,26,18,8,41,11,42,17
I,10.22,-9.62,0,5,43,30,25,21,14,49,45,49,35,33,49,13,29,4,24
I,10.22,-9.62,0,10,49,36,14,36,10,3,49,16,19,47,6,8,33,36,45
I,10.22,-9.62,0,25,20,46,30,16,19,40,37,6,23,2,11,44,35,24,15
I,10.22,-9.62,0,0,44,33,41,49,47,21,19,36,31,37,16,8,11,35,32
I,10.29,-9.62,0,12,24,26,32,41,23,40,33,6,44,38,7,28,35,24,18
I,10.29,-9.62,0,11,2,15,10,10,47,14,48,21,26,8,24,14,3,34,28
I,10.29,-9.62,0,22,31,13,34,26,5,42,11,11,22,3,22,21,20,27,15
I,10.29,-9.62,0,18,14,49,44,6,3,22,40,31,18,27,40,0,34,39,5
I,10.29,-9.62,0,39,25,5,23,0,49,26,33,44,17,29,38,22,47,18,28
I,10.23,-9.65,0,44,15,40,10,14,26,43,49,39,45,36,29,29,11,16,35
I,10.23,-9.65,0,24,27,46,1,9,17,48,29,46,45,19,44,47,47,1,11
I,10.23,-9.65,0,34,26,17,45,11,44,43,23,8,27,49,26,18,31,32,28
I,10.23,-9.65,0,1,28,47,24,16,40,16,15,30,21,34,39,15,29,15,22
I,10.23,-9.65,0,11,25,36,4,22,44,2,7,46,16,10,12,48,43,16,34
I,10.14,-9.72,0,40,1,9,18,37,3,3,23,6,26,0,21,27,19,36,43
I,10.14,-9.72,0,22,20,44,2,7,21,16,25,18,6,9,34,0,45,25,37
I,10.14,-9.72,0,8,28,48,23,11,0,27,40,38,3,33,49,8,41,34,19
I,10.14,-9.72,0,4,42,47,22,8,38,11,30,29,16,2,24,44,10,23,27
I,10.14,-9.72,0,48,39,16,29,20,2,8,19,5,44,36,35,20,32,38,43
I,10.14,-9.57,0,22,42,31,42,45,42,2,30,39,0,19,20,49,26,38,0
I,10.14,-9.57,0,26,43,36,15,36,45,44,0,4,36,2,5,11,19,33,31
I,10.14,-9.57,0,34,11,5,28,41,19,16,42,23,2,38,6,8,35,35,48
I,10.14,-9.57,0,9,46,48,41,21,31,24,25,21,40,11,4,19,8,16,22
I,10.14,-9.57,0,45,0,30,16,43,8,15,1,3,7,38,42,30,1,10,46
I,10.22,-9.68,0,12,37,15,39,4,38,45,48,24,38,31,39,41,13,11,23
I,10.22,-9.68,0,43,25,24,42,48,14,40,22,32,39,20,30,34,13,40,46
I,10.22,-9.68,0,1,21,5,17,36,47,16,10,11,38,39,10,24,27,49,15
I,10.22,-9.68,0,26,35,44,2,30,9,25,1,19,2,18,24,8,32,35,33
I,10.22,-9.68,0,28,38,14,16,40,32,34,31,6,5,47,4,35,46,2,37
I,10.27,-9.58,0,37,3,5,2,23,26,28,25,14,34,44,25,32,35,12,42
I,10.27,-9.58,0,6,6,28,49,22,8,23,17,1,20,24,19,9,26,29,7
I,10.27,-9.58,0,30,43,13,14,48,45,29,7,15,7,32,2,11,41,42,29
I,10.27,-9.58,0,33,49,3,41,39,27,39,10,26,40,24,46,0,11,0,5
I,10.27,-9.58,0,17,6,45,11,9,6,16,33,29,18,33,23,23,32,12,28
I,10.14,-9.67,0,47,22,49,9,35,13,30,12,17,1,42,30,40,13,18,8
I,10.14,-9.67,0,3,44,20,24,36,35,38,48,8,16,9,24,48,2,18,41
I,10.14,-9.67,0,30,2,41,16,36,4,27,15,46,44,21,3,16,16,40,48
I,10.14,-9.67,0,35,13,45,21,10,35,20,44,48,23,10,18,21,0,39,46
I,10.14,-9.67,0,31,43,44,23,11,47,4,32,13,3,33,31,45,43,18,13
I,10.28,-9.60,0,24,37,42,34,42,29,32,2,20,30,35,3,15,32,29,41
I,10.28,-9.60,0,34,7,38,5,6,23,6,11,11,10,46,35,42,46,16,11
I,10.28,-9.60,0,0,13,1,45,40,7,25,37,11,39,8,41,15,34,46,20
I,10.28,-9.60,0,33,27,10,47,10,5,3,16,30,17,15,46,42,24,34,31
I,10.28,-9.60,0,18,7,6,25,11,39,31,42,27,18,0,13,15,33,12,11
I,10.16,-9.65,0,45,9,17,12,24,2,1,3,40,7,21,27,47,36,29,46
I,10.16,-9.65,0,9,28,35,3,27,49,40,48,29,46,31,19,39,18,10,37
I,10.16,-9.65,0,31,19,36,22,11,3,35,49,25,2,8,44,44,5,22,4
I,10.16,-9.65,0,26,39,30,2,33,9,9,41,2,11,17,5,16,28,46,10
I,10.16,-9.65,0,34,13,0,41,38,32,10,40,32,33,28,21,19,2,17,42
I,10.25,-9.58,0,29,13,26,47,44,13,8,21,0,11,47,38,16,17,40,28
I,10.25,-9.58,0,3,26,35,46,15,46,21,6,37,16,20,7,8,38,17,0
I,10.25,-9.58,0,8,0,33,12,5,37,4,31,18,14,47,48,31,35,42,3
I,10.25,-9.58,0,12,16,19,34,46,21,5,30,12,19,22,25,13,9,2,16
I,10.25,-9.58,0,24,9,11,31,21,27,33,5,48,28,37,8,34,30,48,39
I,10.18,-9.68,0,2,40,22,26,13,16,7,42,13,36,29,33,7,46,33,4
I,10.18,-9.68,0,9,33,28,36,33,7,15,10,41,24,46,49,34,23,34,1
I,10.18,-9.68,0,29,42,4,10,31,11,10,17,32,41,46,11,3,5,15,47
I,10.18,-9.68,0,47,41,4,12,18,27,5,8,3,6,14,12,19,12,48,13
I,10.18,-9.68,0,16,37,10,45,35,24,19,2,43,24,42,12,25,8,26,37
I,10.21,-9.58,0,4,34,16,2,14,21,39,25,25,11,16,11,45,36,10,22
I,10.21,-9.58,0,30,3,28,21,26,14,40,38,28,2,2,10,7,24,35,27
I,10.21,-9.58,0,14,31,45,34,32,29,44,25,4,25,26,45,10,4,8,23
I,10.21,-9.58,0,44,13,27,38,12,16,21,48,17,14,25,18,24,19,20,25
I,10.21,-9.58,0,33,16,9,31,36,39,37,20,9,8,44,27,5,27,6,24
I,10.22,-9.56,0,0,19,25,9,39,21,32,42,10,24,36,12,45,16,48,47
I,10.22,-9.56,0,11,27,47,9,10,30,23,44,36,10,18,31,38,37,5,12
I,10.22,-9.56,0,1,39,12,42,39,41,10,18,29,49,39,34,28,6,42,43
I,10.22,-9.56,0,5,48,45,29,33,34,16,1,20,6,26,41,12,11,42,23
I,10.22,-9.56,0,35,18,25,42,43,29,26,47,38,19,3,6,21,26,19,44
I,10.25,-9.65,0,35,42,26,4,11,47,33,23,35,45,47,11,10,13,39,16
I,10.25,-9.65,0,49,39,24,28,44,15,0,15,44,27,8,38,46,42,12,46
I,10.25,-9.65,0,21,8,41,25,37,45,0,5,11,22,24,14,32,6,8,15
I,10.25,-9.65,0,41,24,43,27,15,24,34,41,3,35,15,26,33,18,42,27
I,10.25,-9.65,0,31,10,39,17,32,2,46,29,33,32,49,41,17,8,32,38
I,10.12,-9.64,0,24,4,36,28,12,19,41,25,16,8,34,32,42,5,46,23
I,10.12,-9.64,0,44,14,39,10,19,35,49,12,1,20,18,2,33,21,24,35
I,10.12,-9.64,0,35,30,5,0,13,0,27,23,26,45,29,15,1,11,47,22
I,10.12,-9.64,0,16,40,22,20,49,6,18,0,29,44,13,39,4,38,33,10
I,10.12,-9.64,0,41,18,31,11,10,6,21,20,5,31,29,41,38,31,47,32
I,10.29,-9.59,0,39,2,16,35,47,1,12,9,15,30,27,19,3,26,3,27
I,10.29,-9.59,0,22,4,10,25,0,12,42,19,10,49,0,42,43,36,41,41
I,10.29,-9.59,0,29,5,18,19,17,49,36,9,18,17,25,41,48,0,45,29
I,10.29,-9.59,0,2,16,29,47,2,26,32,40,19,33,48,40,35,6,19,33
I,10.29,-9.59,0,4,8,2,9,41,1,33,43,47,41,39,36,21,0,16,26
I,10.14,-9.59,0,17,47,15,15,17,7,48,4,32,20,9,38,10,1,1,8
I,10.14,-9.59,0,21,1,23,8,30,22,16,0,42,43,49,43,42,45,33,34
I,10.14,-9.59,0,12,41,3,47,15,25,36,49,23,12,30,30,15,19,30,23
I,10.14,-9.59,0,47,26,25,49,6,34,26,5,3,42,30,16,13,29,34,45
I,10.14,-9.59,0,8,25,2,10,41,34,26,38,33,34,14,5,43,46,1,25
I,10.29,-9.59,0,26,18,28,33,37,47,9,34,6,48,43,42,9,38,23,37
I,10.29,-9.59,0,43,8,24,26,44,42,43,40,30,37,9,12,44,29,8,26
I,10.29,-9.59,0,25,24,6,2,7,8,48,28,2,38,31,47,2,32,12,22
I,10.29,-9.59,0,22,36,43,23,27,43,34,34,18,28,14,34,49,21,44,24
I,10.29,-9.59,0,0,47,30,6,22,38,34,2,32,10,5,48,21,49,41,33
I,10.17,-9.62,0,37,12,6,23,35,38,14,3,29,29,28,39,21,3,45,49
I,10.17,-9.62,0,43,27,15,23,28,7,17,16,1,35,4,10,7,8,46,47
I,10.17,-9.62,0,37,24,30,27,22,49,20,42,36,4,7,41,0,25,43,9
I,10.17,-9.62,0,49,4,10,26,0,5,2,45,0,22,21,18,15,44,49,11
I,10.17,-9.62,0,45,43,17,25,45,41,30,2,9,25,8,26,2,11,17,25
I,10.15,-9.69,0,45,15,27,2,42,10,29,40,17,46,37,44,28,41,48,32
I,10.15,-9.69,0,15,1,47,29,12,33,10,9,16,41,25,18,2,47,7,41
I,10.15,-9.69,0,4,31,48,6,42,40,1,22,5,20,7,19,6,47,34,12
I,10.15,-9.69,0,2,29,49,15,31,0,10,8,33,1,47,36,11,48,10,37
I,10.15,-9.69,0,9,38,46,48,49,9,2,26,1,23,21,18,18,40,29,20
I,10.29,-9.57,0,34,34,25,48,7,13,6,40,15,1,12,24,39,23,44,12
I,10.29,-9.57,0,16,48,23,38,18,26,35,31,39,0,11,1,35,37,49,21
I,10.29,-9.57,0,16,31,6,16,41,45,5,46,14,13,11,39,27,34,9,3
I,10.29,-9.57,0,5,8,34,49,3,16,6,15,5,5,34,41,6,17,5,1
I,10.29,-9.57,0,42,47,24,25,34,31,34,26,18,8,34,18,15,42,21,2
I,10.21,-9.67,0,21,14,35,23,2,14,22,8,11,35,20,10,32,35,36,48
I,10.21,-9.67,0,39,18,12,23,8,3,11,22,0,18,8,6,31,21,28,6
I,10.21,-9.67,0,28,12,37,29,20,7,41,19,34,44,18,39,42,34,9,21
I,10.21,-9.67,0,1,48,40,32,42,13,35,3,33,13,39,11,39,46,25,46
I,10.21,-9.67,0,38,37,40,47,37,22,26,47,45,20,34,20,45,21,5,41
I,10.24,-9.63,0,30,15,28,26,26,14,5,38,2,45,7,44,35,33,29,1
I,10.24,-9.63,0,19,33,4,48,30,33,27,48,39,24,5,46,7,17,13,31
I,10.24,-9.63,0,6,6,14,2,18,45,1,22,22,43,34,49,42,18,23,15
I,10.24,-9.63,0,49,16,39,22,0,46,28,4,27,41,19,36,2,37,35,37
I,10.24,-9.63,0,45,48,8,11,7,37,26,32,37,13,6,43,0,23,39,23
I,10.25,-9.62,0,36,3,10,35,10,27,49,38,28,47,21,18,49,20,10,38
I,10.25,-9.62,0,11,37,11,36,31,3,30,35,8,30,21,29,23,35,33,10
I,10.25,-9.62,0,43,48,39,30,38,42,29,24,39,10,4,44,48,49,36,0
I,10.25,-9.62,0,24,18,25,11,46,30,20,5,23,23,23,2,3,36,26,25
I,10.25,-9.62,0,38,46,38,10,49,0,47,42,29,44,14,27,10,44,0,25
I,10.19,-9.54,0,48,47,31,9,5,28,31,9,47,18,28,36,5,14,20,2
I,10.19,-9.54,0,20,8,11,12,44,32,0,35,10,41,0,2,45,16,15,24
I,10.19,-9.54,0,19,38,16,36,0,19,49,47,25,13,39,35,44,41,20,37
I,10.19,-9.54,0,13,43,29,10,42,27,24,48,20,41,48,4,26,23,4,38
I,10.19,-9.54,0,18,40,28,29,40,8,31,41,1,48,6,41,12,17,8,22
I,10.14,-9.66,0,1,10,21,28,1,48,14,30,9,18,39,16,27,49,46,25
I,10.14,-9.66,0,6,12,13,16,12,0,18,20,42,3,21,11,26,39,35,0
I,10.14,-9.66,0,33,49,3,29,47,48,25,8,48,29,9,42,33,18,7,49
I,10.14,-9.66,0,43,3,8,15,35,4,15,27,17,41,12,39,44,4,24,33
I,10.14,-9.66,0,25,40,15,14,24,48,32,20,40,6,22,2,1,42,25,33
I,10.27,-9.62,0,29,49,22,6,24,49,31,42,28,15,18,42,41,16,21,38
I,10.27,-9.62,0,46,6,8,26,33,20,27,20,43,28,20,44,0,16,37,9
I,10.27,-9.62,0,45,28,6,33,32,17,45,12,34,3,42,38,44,1,36,11
I,10.27,-9.62,0,4,19,26,48,45,0,37,44,7,2,4,16,48,11,39,18
I,10.27,-9.62,0,22,45,39,24,47,48,4,11,1,34,28,34,16,18,31,30
I,10.26,-9.67,0,33,26,20,14,3,49,21,48,35,28,0,10,23,0,45,30
I,10.26,-9.67,0,20,0,25,16,30,16,10,20,29,1,0,43,42,16,49,39
I,10.26,-9.67,0,44,4,10,0,33,34,32,29,35,38,30,15,40,8,23,30
I,10.26,-9.67,0,28,22,32,42,24,19,10,43,12,23,31,36,24,22,29,39
I,10.26,-9.67,0,23,11,12,49,3,47,46,45,32,5,37,13,36,4,9,25
I,10.18,-9.56,0,41,4,12,36,19,31,17,40,47,23,48,27,9,29,38,24
I,10.18,-9.56,0,29,47,37,19,6,28,0,42,30,17,37,48,45,23,6,33
I,10.18,-9.56,0,38,34,34,27,9,30,32,33,40,20,14,5,43,23,4,6
I,10.18,-9.56,0,31,3,26,8,9,9,34,42,21,20,18,3,19,24,9,41
I,10.18,-9.56,0,2,49,45,41,31,7,45,48,39,16,32,35,37,15,40,3
I,10.20,-9.66,0,14,0,38,16,14,9,18,29,28,12,35,16,32,18,37,30
I,10.20,-9.66,0,11,49,40,36,24,20,2,35,38,17,25,46,25,7,7,37
I,10.20,-9.66,0,48,14,46,48,42,4,24,13,48,7,46,26,39,49,36,36
I,10.20,-9.66,0,30,33,20,17,22,11,17,17,30,12,4,6,5,37,18,8
I,10.20,-9.66,0,6,36,0,28,38,17,42,30,31,44,28,11,17,6,40,32
I,10.26,-9.53,0,47,13,17,38,11,33,4,42,37,18,45,36,42,31,14,23
I,10.26,-9.53,0,25,14,49,1,0,41,34,4,18,44,17,42,29,11,35,27
I,10.26,-9.53,0,16,12,11,24,13,35,7,32,24,30,35,10,47,19,13,49
I,10.26,-9.53,0,40,8,33,42,24,31,10,32,29,20,28,42,32,13,5,19
I,10.26,-9.53,0,44,43,28,30,41,35,43,48,9,39,27,1,8,9,2,5
I,10.20,-9.62,0,15,30,27,48,35,32,2,24,32,24,22,4,4,23,29,49
I,10.20,-9.62,0,11,25,44,41,40,31,33,45,12,41,45,26,5,13,22,45
I,10.20,-9.62,0,16,15,23,25,38,17,42,45,36,36,19,7,10,40,12,3
I,10.20,-9.62,0,33,49,5,34,17,18,10,2,42,39,42,18,46,47,16,31
I,10.20,-9.62,0,17,20,0,34,45,10,21,14,1,33,49,17,37,12,29,48
I,10.22,-9.53,0,48,45,1,8,31,22,24,8,28,5,35,29,7,34,48,49
I,10.22,-9.53,0,21,42,35,3,27,23,29,3,1,0,12,10,44,32,16,24
I,10.22,-9.53,0,12,37,43,13,25,30,19,19,9,19,37,32,21,16,12,0
I,10.22,-9.53,0,6,45,30,0,19,4,41,4,10,44,4,42,35,37,21,14
I,10.22,-9.53,0,5,49,18,34,15,6,41,22,47,28,44,1,1,5,49,29
I,10.19,-9.70,0,2,42,23,23,2,18,33,4,48,12,29,46,39,35,30,10
I,10.19,-9.70,0,2,13,2,47,47,13,12,15,10,14,2,30,42,8,15,28
I,10.19,-9.70,0,31,26,33,0,5,25,37,27,23,35,35,28,36,7,45,10
I,10.19,-9.70,0,18,40,48,49,23,33,30,30,21,49,44,48,4,9,13,32
I,10.19,-9.70,0,9,13,2,11,3,29,47,36,15,27,11,47,5,8,22,36
I,10.25,-9.56,0,39,44,46,42,28,48,30,15,11,11,48,28,4,16,27,45
I,10.25,-9.56,0,25,12,32,27,18,38,20,20,31,20,23,21,27,41,29,2
I,10.25,-9.56,0,1,41,26,38,26,41,11,37,33,15,11,23,41,27,43,48
I,10.25,-9.56,0,29,1,10,43,16,37,30,1,22,10,49,49,48,11,36,44
I,10.25,-9.56,0,20,2,35,3,11,7,29,4,9,28,16,38,49,14,41,38
I,10.19,-9.68,0,41,36,44,32,12,40,31,27,28,5,13,18,19,20,29,7
I,10.19,-9.68,0,10,43,4,22,4,40,48,46,25,40,7,6,28,16,18,15
I,10.19,-9.68,0,37,19,45,39,3,21,36,43,11,40,24,40,34,40,5,18
I,10.19,-9.68,0,0,20,27,13,2,19,38,17,43,10,33,35,2,47,21,14
I,10.19,-9.68,0,25,4,1,32,44,3,31,7,37,8,13,28,14,45,42,7
I,10.25,-9.57,0,47,47,11,33,26,1,22,43,20,3,1,48,41,11,31,31
I,10.25,-9.57,0,37,26,30,38,4,26,9,12,1,47,18,40,5,11,24,3
I,10.25,-9.57,0,20,33,33,23,4,22,16,26,1,43,2,19,34,44,13,5
I,10.25,-9.57,0,32,37,18,30,24,35,15,46,40,11,22,30,32,33,24,18
I,10.25,-9.57,0,28,31,11,46,1,32,24,11,17,39,19,34,15,7,31,46
I,10.29,-9.50,0,4,31,24,4,17,8,26,18,28,38,16,42,5,45,49,39
I,10.29,-9.50,0,49,13,6,5,41,26,4,44,26,47,13,15,31,23,8,24
I,10.29,-9.50,0,40,19,35,34,19,0,15,35,27,7,12,42,22,38,19,44
I,10.29,-9.50,0,48,18,37,3,46,35,39,1,27,5,8,23,38,2,15,19
I,10.29,-9.50,0,42,9,2,33,23,43,39,23,16,9,1,33,14,37,29,33
I,10.17,-9.60,0,24,3,35,16,27,26,33,43,0,29,28,11,5,6,22,37
I,10.17,-9.60,0,31,4,31,49,0,3,49,5,5,15,12,41,18,39,21,35
I,10.17,-9.60,0,5,18,13,7,3,25,19,26,14,17,32,30,33,7,16,11
I,10.17,-9.60,0,5,5,28,4,40,10,38,22,14,0,31,41,28,33,21,16
I,10.17,-9.60,0,33,17,22,8,47,32,0,41,21,17,41,6,18,46,33,38
I,10.24,-9.59,0,43,49,34,41,42,13,41,37,4,15,48,30,41,38,23,15
I,10.24,-9.59,0,37,4,45,4,40,20,7,47,10,25,46,11,46,30,46,23
I,10.24,-9.59,0,3,10,43,28,9,48,39,2,45,36,0,8,5,28,31,46
I,10.24,-9.59,0,31,33,36,41,39,24,45,14,13,29,6,4,42,7,48,39
I,10.24,-9.59,0,9,8,8,44,26,23,2,46,7,48,2,27,46,12,23,14
I,10.16,-9.65,0,16,48,13,34,33,0,29,26,34,1,25,14,8,13,39,49
I,10.16,-9.65,0,29,28,28,17,26,7,37,4,37,46,25,42,34,15,18,39
I,10.16,-9.65,0,30,39,14,25,24,47,49,38,14,35,36,42,39,34,27,7
I,10.16,-9.65,0,42,10,40,45,4,15,37,48,18,9,22,41,29,18,29,7
I,10.16,-9.65,0,3,7,33,4,16,37,47,15,8,28,13,10,49,27,42,21
I,10.21,-9.60,0,29,3,9,16,8,4,11,27,15,23,6,37,32,2,43,48
I,10.21,-9.60,0,13,11,23,23,4,21,11,3,36,30,5,33,8,19,4,20
I,10.21,-9.60,0,9,1,13,3,36,21,26,13,5,34,48,24,7,17,5,12
I,10.21,-9.60,0,38,44,11,31,45,34,18,35,17,32,40,28,46,1,39,36
I,10.21,-9.60,0,45,14,7,24,15,44,35,36,6,31,39,37,12,46,29,1
I,10.19,-9.57,0,28,13,39,26,28,10,28,46,43,30,43,35,23,41,15,18
I,10.19,-9.57,0,8,18,41,39,9,26,2,12,14,12,20,7,16,47,6,8
I,10.19,-9.57,0,38,47,3,42,33,14,18,14,33,5,45,17,14,27,36,11
I,10.19,-9.57,0,1,37,2,48,0,42,21,34,38,32,2,42,37,4,49,40
I,10.19,-9.57,0,28,35,48,17,42,36,27,43,21,40,31,5,37,42,0,12
I,10.25,-9.68,0,13,7,35,7,42,18,40,32,7,15,41,38,5,28,27,42
I,10.25,-9.68,0,21,43,30,8,47,3,10,13,49,47,41,10,6,38,34,33
I,10.25,-9.68,0,28,20,33,21,16,23,32,31,10,11,32,19,41,15,48,38
I,10.25,-9.68,0,41,40,12,26,8,16,12,41,24,15,35,29,5,43,12,29
I,10.25,-9.68,0,47,26,37,30,20,40,22,39,37,18,25,4,45,20,26,31
I,10.21,-9.61,0,18,20,9,46,31,49,8,13,40,46,31,33,15,2,42,7
I,10.21,-9.61,0,10,40,49,45,26,38,36,49,26,45,16,12,41,44,28,41
I,10.21,-9.61,0,24,26,3,43,48,1,35,39,28,31,41,32,6,17,21,3
I,10.21,-9.61,0,24,34,44,48,32,47,9,22,35,24,24,34,47,45,36,31
I,10.21,-9.61,0,27,44,44,35,6,12,10,48,47,14,5,39,45,4,33,28
I,10.18,-9.61,0,46,26,20,2,47,4,27,0,2,37,11,10,15,16,30,44
I,10.18,-9.61,0,41,11,23,23,34,25,26,2,20,26,10,5,46,1,22,17
I,10.18,-9.61,0,48,46,46,37,13,23,49,14,43,3,41,3,0,29,27,2
I,10.18,-9.61,0,9,27,3,30,27,29,14,29,28,32,1,22,19,3,22,27
I,10.18,-9.61,0,22,10,46,11,16,48,20,7,24,41,34,7,36,44,35,37
I,10.19,-9.67,0,37,19,16,23,32,19,25,28,9,19,16,31,41,48,38,2
I,10.19,-9.67,0,18,34,7,6,29,48,34,22,48,28,10,6,0,1,10,40
I,10.19,-9.67,0,46,2,25,7,1,26,4,26,38,25,10,43,11,21,19,7
I,10.19,-9.67,0,23,2,21,12,35,29,30,6,31,33,10,11,12,8,39,30
I,10.19,-9.67,0,28,6,1,46,4,10,24,41,30,47,37,11,11,21,24,8
I,10.24,-9.56,0,36,39,33,13,15,33,36,21,15,40,40,29,37,24,25,28
I,10.24,-9.56,0,32,9,19,46,1,18,44,43,48,25,46,3,17,0,24,46
I,10.24,-9.56,0,18,31,27,24,16,20,48,17,49,33,4,23,14,49,17,38
I,10.24,-9.56,0,17,48,46,7,48,44,26,23,15,39,16,31,44,30,35,17
I,10.24,-9.56,0,29,5,3,31,39,19,10,44,18,47,25,34,24,31,25,49
I,10.20,-9.73,0,16,18,17,1,15,18,29,44,12,16,33,27,45,10,36,7
I,10.20,-9.73,0,43,24,8,36,25,42,5,3,3,44,25,42,17,18,15,33
I,10.20,-9.73,0,45,13,39,18,4,3,46,38,45,10,9,22,11,40,29,11
I,10.20,-9.73,0,40,34,23,6,16,16,41,46,17,27,25,31,46,11,0,5
I,10.20,-9.73,0,2,43,3,36,22,30,38,37,43,16,42,36,10,6,17,46
I,10.12,-9.68,0,19,26,1,33,43,38,10,8,30,41,14,25,25,9,34,0
I,10.12,-9.68,0,27,29,28,44,3,44,3,6,9,18,0,4,28,25,20,35
I,10.12,-9.68,0,20,26,45,38,23,11,39,29,22,18,40,34,44,29,32,7
I,10.12,-9.68,0,41,7,25,30,39,14,49,47,44,44,18,4,0,14,43,30
I,10.12,-9.68,0,19,47,17,7,30,2,15,0,32,10,30,38,46,36,2,36
I,10.16,-9.70,0,40,28,25,14,40,15,10,41,40,22,12,0,22,36,23,48
I,10.16,-9.70,0,46,30,21,22,38,3,42,5,35,27,30,33,27,36,32,44
I,10.16,-9.70,0,30,35,11,33,1,10,4,37,24,23,9,49,3,37,21,8
I,10.16,-9.70,0,19,46,31,40,17,42,12,15,3,8,46,36,1,12,5,42
I,10.16,-9.70,0,18,46,6,13,20,27,25,11,21,13,14,30,13,26,11,17
I,10.21,-9.57,0,30,42,40,23,34,40,14,19,33,21,21,20,21,26,38,32
I,10.21,-9.57,0,20,42,38,19,35,4,31,24,43,33,37,10,28,44,42,47
I,10.21,-9.57,0,4,12,34,17,24,27,21,17,26,12,3,43,8,39,47,3
I,10.21,-9.57,0,32,25,13,27,26,2,21,45,26,12,16,37,23,3,7,19
I,10.21,-9.57,0,29,44,11,0,10,32,7,28,27,48,19,44,6,43,43,29
I,10.22,-9.68,0,10,3,38,4,43,27,31,0,1,32,39,6,17,11,13,16
I,10.22,-9.68,0,0,36,21,46,34,3,36,27,8,43,24,32,34,15,26,29
I,10.22,-9.68,0,7,23,30,3,39,26,16,20,7,4,8,41,0,32,12,31
I,10.22,-9.68,0,2,15,34,28,1,11,38,47,15,23,39,37,18,41,2,48
I,10.22,-9.68,0,28,27,32,7,49,42,4,35,4,31,0,3,40,3,46,14
I,10.18,-9.60,0,37,9,10,32,29,23,48,33,35,26,39,26,7,24,44,8
I,10.18,-9.60,0,48,43,16,14,22,30,6,10,9,12,14,34,45,12,26,31
I,10.18,-9.60,0,17,25,30,30,26,49,0,28,22,11,16,43,40,36,5,37
I,10.18,-9.60,0,4,48,42,35,15,8,13,10,13,9,5,20,14,13,20,31
I,10.18,-9.60,0,18,44,3,10,10,10,38,26,45,8,23,39,14,19,37,42
I,10.27,-9.62,0,3,8,1,40,37,20,24,47,27,15,7,1,18,31,17,1
I,10.27,-9.62,0,49,36,10,42,17,14,5,9,9,29,27,22,47,10,8,24
I,10.27,-9.62,0,19,9,39,42,36,28,47,30,7,16,8,46,40,20,5,3
I,10.27,-9.62,0,20,30,43,17,29,17,10,5,31,19,6,34,44,3,1,40
I,10.27,-9.62,0,13,25,36,8,6,37,8,29,23,7,39,40,27,30,21,11
I,10.25,-9.69,0,11,0,37,18,2,13,9,4,9,29,49,21,2,39,28,48
I,10.25,-9.69,0,39,18,3,27,17,47,28,27,9,13,36,47,35,17,41,3
I,10.25,-9.69,0,42,41,10,10,23,5,4,40,33,40,35,15,22,6,4,25
I,10.25,-9.69,0,27,42,4,0,40,14,18,42,42,27,17,41,48,18,21,40
I,10.25,-9.69,0,22,14,40,45,45,34,17,42,25,14,14,34,45,23,30,18
I,10.14,-9.57,0,17,45,49,10,4,41,35,13,48,40,37,34,5,22,19,5
I,10.14,-9.57,0,29,5,43,1,48,16,23,9,42,23,40,28,47,21,13,15
I,10.14,-9.57,0,41,44,23,24,37,45,47,35,43,23,12,30,26,10,1,34
I,10.14,-9.57,0,14,39,28,47,10,14,27,22,9,41,11,27,27,43,47,43
I,10.14,-9.57,0,24,20,48,37,17,48,38,17,49,1,18,10,28,42,14,37
I,10.30,-9.58,0,28,35,40,22,0,42,31,29,18,34,35,41,27,32,13,1
I,10.30,-9.58,0,48,29,6,18,43,38,45,38,3,6,11,31,14,30,14,24
I,10.30,-9.58,0,49,8,29,8,25,11,49,35,25,26,12,15,38,43,2,41
I,10.30,-9.58,0,49,9,49,8,49,9,31,8,44,29,45,36,42,21,18,48
I,10.30,-9.58,0,45,17,46,47,28,30,27,17,14,37,47,44,41,21,10,31
I,10.19,-9.69,0,18,49,21,36,8,31,47,30,13,48,11,43,4,31,30,22
I,10.19,-9.69,0,37,5,16,0,14,7,22,15,47,12,19,26,22,25,33,34
I,10.19,-9.69,0,24,39,8,42,39,4,6,14,5,29,28,35,24,48,14,27
I,10.19,-9.69,0,24,38,48,27,20,39,32,31,46,14,39,42,27,3,10,32
I,10.19,-9.69,0,9,29,3,15,47,6,37,18,28,49,31,2,36,27,9,30
I,10.28,-9.60,0,28,27,43,32,22,5,48,43,25,49,33,4,10,7,22,31
I,10.28,-9.60,0,28,10,47,9,39,38,44,2,28,30,1,15,49,2,38,42
I,10.28,-9.60,0,47,29,42,3,9,7,45,28,27,13,0,46,10,25,48,43
I,10.28,-9.60,0,21,16,25,10,11,48,17,4,38,14,20,42,25,39,7,19
I,10.28,-9.60,0,29,49,42,9,30,8,7,8,1,2,24,21,27,14,8,42
I,10.20,-9.58,0,37,20,5,48,35,30,13,49,32,29,43,3,6,41,1,2
I,10.20,-9.58,0,38,25,11,18,39,28,28,42,13,20,48,31,22,17,27,8
I,10.20,-9.58,0,34,2,17,40,43,31,5,9,42,27,36,45,2,40,44,35
I,10.20,-9.58,0,34,1,28,6,49,38,8,43,0,18,34,8,40,47,39,5
I,10.20,-9.58,0,30,29,15,1,27,24,31,33,27,41,10,45,33,37,16,24
I,10.19,-9.71,0,5,19,46,17,30,0,23,18,21,48,8,8,40,18,22,4
I,10.19,-9.71,0,41,11,2,41,5,14,22,48,14,37,47,9,46,29,7,12
I,10.19,-9.71,0,37,12,30,9,25,31,26,19,28,44,15,21,3,30,20,46
I,10.19,-9.71,0,5,3,46,3,6,18,44,35,44,18,48,9,9,28,20,22
I,10.19,-9.71,0,39,45,4,39,4,10,4,19,36,27,20,8,29,23,9,27
I,10.28,-9.56,0,31,6,0,29,45,24,6,45,45,15,16,27,10,42,10,6
I,10.28,-9.56,0,16,14,24,41,3,21,12,43,0,8,19,42,2,22,32,15
I,10.28,-9.56,0,32,25,15,21,35,32,1,49,36,1,29,30,5,19,29,27
I,10.28,-9.56,0,41,9,15,32,7,15,9,43,0,42,37,23,48,42,32,19
I,10.28,-9.56,0,0,13,21,4,40,17,40,35,39,2,35,22,3,44,34,23
I,10.21,-9.61,0,42,47,38,25,38,6,15,33,21,25,29,3,22,20,0,13
I,10.21,-9.61,0,40,40,46,17,17,11,29,16,11,48,45,0,40,1,32,29
I,10.21,-9.61,0,8,49,30,11,5,40,7,28,8,15,47,22,5,44,37,19
I,10.21,-9.61,0,45,39,8,2,42,46,39,27,35,12,42,7,3,45,14,32
I,10.21,-9.61,0,37,35,37,48,16,34,17,48,19,5,26,0,40,48,0,42
I,10.22,-9.69,0,6,32,44,40,49,35,4,47,22,32,46,7,43,5,26,31
I,10.22,-9.69,0,41,43,9,36,16,7,25,34,16,27,36,23,24,42,15,40
I,10.22,-9.69,0,7,4,48,31,41,48,24,7,43,26,27,28,4,16,31,14
I,10.22,-9.69,0,48,42,3,19,15,32,16,16,1,41,21,42,45,11,3,39
I,10.22,-9.69,0,8,18,20,0,32,9,28,36,46,34,8,45,42,6,39,10
I,10.25,-9.59,0,14,5,48,26,36,16,30,32,42,8,45,20,38,14,42,13
I,10.25,-9.59,0,8,32,15,39,17,35,48,23,4,48,11,47,45,13,8,31
I,10.25,-9.59,0,34,13,38,36,14,33,10,35,40,47,33,14,23,7,12,4
I,10.25,-9.59,0,40,26,45,40,26,45,18,6,47,6,8,43,8,1,5,38
I,10.25,-9.59,0,12,40,27,3,6,15,14,1,2,46,6,7,22,9,34,26
I,10.05,-9.66,0,40,29,45,33,40,33,43,38,31,29,22,3,30,31,47,28
I,10.05,-9.66,0,28,7,18,1,21,18,38,46,37,48,33,15,38,1,40,44
I,10.05,-9.66,0,7,45,45,3,15,28,29,40,3,15,30,5,49,17,15,44
I,10.05,-9.66,0,41,15,45,21,43,41,39,49,24,4,28,32,24,13,46,33
I,10.05,-9.66,0,6,32,27,48,10,8,43,26,8,44,46,32,14,20,2,46
I,10.23,-9.64,0,48,43,45,46,26,14,24,42,13,43,20,33,32,49,30,23
I,10.23,-9.64,0,46,16,30,34,11,40,38,49,15,32,17,8,15,23,1,2
I,10.23,-9.64,0,27,48,1,3,44,42,22,20,5,16,35,27,47,12,27,13
I,10.23,-9.64,0,42,39,11,36,40,41,18,11,37,41,22,27,10,5,1,8
I,10.23,-9.64,0,18,29,25,42,44,7,39,37,42,43,23,36,1,24,47,21
I,10.16,-9.54,0,0,36,38,41,41,28,13,47,49,10,24,17,25,7,13,47
I,10.16,-9.54,0,31,48,37,24,5,7,23,20,8,44,15,18,44,27,21,23
I,10.16,-9.54,0,40,13,15,38,42,5,29,14,19,18,39,6,9,41,23,1
I,10.16,-9.54,0,26,20,4,16,16,12,11,12,36,34,48,2,36,1,45,9
I,10.16,-9.54,0,30,24,39,43,28,11,17,45,17,27,7,28,7,2,28,39
I,10.21,-9.66,0,24,38,24,10,32,34,27,25,11,10,22,20,8,41,34,11
I,10.21,-9.66,0,7,0,10,25,10,18,37,49,27,14,47,48,6,17,13,41
I,10.21,-9.66,0,5,16,18,30,15,19,16,40,12,33,48,33,47,22,23,17
I,10.21,-9.66,0,41,26,25,8,44,3,8,33,12,15,3,28,36,13,36,10
I,10.21,-9.66,0,33,7,42,23,48,19,31,2,17,2,3,27,7,31,24,24
I,10.26,-9.58,0,47,19,49,1,24,24,31,2,29,48,28,0,30,22,12,34
I,10.26,-9.58,0,31,40,27,3,36,44,30,4,1,24,3,2,41,46,22,45
I,10.26,-9.58,0,3,6,47,36,47,28,21,40,7,20,0,21,47,27,44,15
I,10.26,-9.58,0,10,14,44,12,34,12,30,39,17,45,0,47,40,27,42,41
I,10.26,-9.58,0,24,32,25,31,44,6,6,36,35,25,3,29,27,31,1,15
I,10.20,-9.69,0,44,6,30,33,27,44,29,49,35,26,37,35,31,16,42,16
I,10.20,-9.69,0,6,28,7,31,6,33,15,12,29,40,24,9,38,31,16,10
I,10.20,-9.69,0,26,22,44,27,26,10,6,8,25,10,48,39,36,40,45,48
I,10.20,-9.69,0,37,18,10,46,34,23,33,7,49,30,27,10,44,42,37,8
I,10.20,-9.69,0,12,11,21,16,1,34,4,25,10,10,40,7,22,38,18,37
I,10.24,-9.69,0,17,35,18,37,1,15,27,49,37,18,12,46,29,0,33,9
I,10.24,-9.69,0,39,19,6,2,44,41,32,26,12,20,10,42,29,33,33,6
I,10.24,-9.69,0,3,15,14,38,48,38,33,41,37,18,17,38,29,22,48,18
I,10.24,-9.69,0,18,26,15,8,16,46,14,28,6,38,41,26,20,2,25,1
I,10.24,-9.69,0,18,23,30,10,15,13,15,3,8,36,21,33,44,11,33,5
I,10.19,-9.62,0,49,2,27,39,40,27,19,33,40,3,17,38,15,21,0,9
I,10.19,-9.62,0,0,10,30,34,45,35,23,8,22,41,37,0,39,44,25,6
I,10.19,-9.62,0,43,4,7,41,30,6,8,47,35,4,9,33,34,5,3,37
I,10.19,-9.62,0,43,48,0,43,5,45,44,22,48,49,2,0,9,18,39,41
I,10.19,-9.62,0,45,26,36,2,29,30,23,37,28,12,19,44,43,2,12,12
I,10.24,-9.57,0,31,28,10,13,38,33,7,10,31,2,24,25,47,24,34,15
I,10.24,-9.57,0,8,42,33,36,5,31,8,42,34,33,44,40,20,32,20,3
I,10.24,-9.57,0,49,14,26,11,5,36,36,22,11,0,48,11,5,35,27,28
I,10.24,-9.57,0,20,48,11,2,14,42,16,39,38,25,5,34,22,17,6,24
I,10.24,-9.57,0,18,13,26,20,41,33,31,14,22,10,4,40,41,19,15,37
I,10.24,-9.66,0,34,0,4,44,5,20,12,14,34,46,13,3,3,10,47,8
I,10.24,-9.66,0,17,31,23,44,24,42,22,43,47,33,36,41,19,44,3,32
I,10.24,-9.66,0,3,8,48,26,42,5,41,23,26,47,11,1,14,46,38,10
I,10.24,-9.66,0,32,7,6,48,27,31,1,6,44,47,10,12,42,28,4,26
I,10.24,-9.66,0,48,23,16,38,11,35,39,0,44,36,40,21,14,43,29,47
I,10.14,-9.62,0,37,16,25,25,5,3,1,17,42,29,44,7,49,20,46,23
I,10.14,-9.62,0,49,19,20,22,10,35,6,14,11,47,43,35,2,39,40,27
I,10.14,-9.62,0,32,37,1,16,48,6,35,20,18,6,46,48,10,45,38,19
I,10.14,-9.62,0,35,13,0,13,24,2,44,25,10,19,35,39,43,28,28,15
I,10.14,-9.62,0,37,39,5,20,30,37,32,33,40,27,12,13,35,26,40,1
I,10.33,-9.63,0,25,21,48,40,46,10,11,47,0,47,1,35,8,19,20,12
I,10.33,-9.63,0,12,32,46,27,20,23,32,37,34,43,36,21,12,28,31,38
I,10.33,-9.63,0,26,41,36,21,5,16,31,17,48,23,4,14,23,16,35,45
I,10.33,-9.63,0,12,24,48,21,47,36,4,2,2,45,25,9,26,41,32,44
I,10.33,-9.63,0,44,3,35,6,40,34,47,16,30,2,3,15,37,23,2,42
I,10.31,-9.64,0,31,22,20,41,48,40,13,5,14,48,12,9,37,3,39,0
I,10.31,-9.64,0,24,2,3,35,49,21,40,32,49,27,12,38,26,38,16,21
I,10.31,-9.64,0,23,45,14,18,41,9,46,14,9,38,38,13,3,28,25,32
I,10.31,-9.64,0,16,3,28,46,16,26,45,10,14,12,43,7,36,47,1,40
I,10.31,-9.64,0,19,15,40,48,23,7,35,44,49,15,25,22,27,22,9,1
I,10.22,-9.65,0,9,8,28,33,7,29,14,7,13,32,2,26,9,30,40,32
I,10.22,-9.65,0,31,32,3,35,49,46,15,12,6,43,29,15,23,36,4,11
I,10.22,-9.65,0,2,18,26,13,39,4,12,46,26,12,32,32,44,34,34,26
I,10.22,-9.65,0,21,28,35,34,44,23,32,15,9,16,3,32,21,43,28,35
I,10.22,-9.65,0,47,31,12,11,29,27,22,17,11,43,32,33,10,0,36,31
I,10.32,-9.63,0,10,11,20,35,19,37,10,25,18,39,48,33,12,11,12,36
I,10.32,-9.63,0,10,35,34,46,7,20,43,9,39,48,15,16,31,30,17,28
I,10.32,-9.63,0,11,7,8,6,31,31,4,12,15,11,1,43,39,29,29,29
I,10.32,-9.63,0,33,13,48,28,28,37,27,4,38,23,31,48,20,21,37,41
I,10.32,-9.63,0,4,6,25,18,40,17,15,47,5,22,47,9,34,37,32,49
I,10.26,-9.57,0,12,2,4,20,44,16,2,3,20,29,30,20,39,24,1,48
I,10.26,-9.57,0,34,31,47,32,11,2,3,42,46,36,36,41,36,1,37,2
I,10.26,-9.57,0,49,17,48,20,23,28,48,13,19,43,41,5,34,12,18,15
I,10.26,-9.57,0,19,27,46,17,29,44,43,49,5,31,38,36,40,35,29,47
I,10.26,-9.57,0,18,36,1,23,29,31,18,5,27,44,36,7,34,3,3,5
I,10.17,-9.58,0,36,46,44,19,24,19,45,46,24,10,40,46,48,12,30,23
I,10.17,-9.58,0,20,20,10,10,1,39,19,9,46,47,2,40,3,31,27,34
I,10.17,-9.58,0,41,18,24,21,4,3,5,49,36,35,37,49,9,38,27,12
I,10.17,-9.58,0,46,32,34,8,39,30,17,25,1,42,38,6,21,28,17,8
I,10.17,-9.58,0,39,16,46,9,45,9,27,22,12,19,48,10,42,10,32,4
I,10.27,-9.59,0,17,13,2,46,3,11,7,28,25,48,49,7,9,43,16,30
I,10.27,-9.59,0,35,24,49,39,49,39,14,47,4,31,41,3,48,18,37,48
I,10.27,-9.59,0,6,44,43,48,2,34,8,17,49,32,6,11,18,30,27,25
I,10.27,-9.59,0,3,30,48,5,33,8,17,22,24,10,17,14,23,22,15,43
I,10.27,-9.59,0,37,33,25,37,38,19,41,29,23,36,27,40,5,11,45,4
I,10.26,-9.66,0,8,17,34,18,29,37,21,28,38,44,3,38,19,4,39,23
I,10.26,-9.66,0,9,26,43,22,20,43,7,4,35,26,15,1,8,39,43,33
I,10.26,-9.66,0,30,9,13,5,25,34,21,12,27,28,31,8,6,25,38,4
I,10.26,-9.66,0,19,34,7,14,15,48,21,42,33,24,33,1,25,24,8,14
I,10.26,-9.66,0,33,31,30,37,22,37,40,30,10,1,33,6,43,47,36,18
I,10.23,-9.62,0,26,41,17,28,3,32,35,46,16,11,31,40,6,23,27,6
I,10.23,-9.62,0,46,1,20,47,33,49,27,46,49,13,1,9,46,48,6,12
I,10.23,-9.62,0,41,33,28,11,35,7,32,8,23,38,18,33,31,14,38,28
I,10.23,-9.62,0,41,8,49,47,4,21,5,43,46,11,19,27,1,15,36,34
I,10.23,-9.62,0,42,10,12,6,41,27,18,17,3,21,11,2,34,35,33,7
I,10.25,-9.64,0,42,48,40,47,9,7,26,5,35,19,46,21,9,41,25,43
I,10.25,-9.64,0,12,42,28,9,9,7,36,42,22,35,29,30,34,24,0,18
I,10.25,-9.64,0,28,30,13,26,29,25,32,47,14,2,0,25,25,8,29,5
I,10.25,-9.64,0,13,10,31,43,44,10,19,4,20,27,42,30,49,38,15,32
I,10.25,-9.64,0,39,13,0,9,1,1,12,3,46,47,19,34,0,18,47,2
I,10.24,-9.60,0,11,49,11,35,32,6,17,48,11,37,41,5,6,41,17,15
I,10.24,-9.60,0,10,5,29,9,19,49,49,21,2,40,30,32,48,27,32,31
I,10.24,-9.60,0,24,28,19,29,39,0,1,34,35,8,41,42,26,14,36,24
I,10.24,-9.60,0,13,15,1,2,27,45,5,24,40,15,8,44,19,31,4,19
I,10.24,-9.60,0,33,10,2,9,39,27,26,3,49,6,36,19,26,7,26,5
I,10.21,-9.63,0,0,9,39,2,3,30,35,3,19,15,37,40,41,31,3,39
I,10.21,-9.63,0,16,11,8,20,2,23,11,41,26,7,20,12,24,5,31,29
I,10.21,-9.63,0,47,16,28,6,24,29,28,31,15,45,6,17,0,36,23,28
I,10.21,-9.63,0,44,37,25,33,27,36,3,37,21,40,9,7,28,6,17,39
I,10.21,-9.63,0,45,20,28,44,16,20,22,7,41,45,31,15,41,25,28,38
I,10.23,-9.57,0,6,38,2,49,20,29,41,32,30,31,46,2,35,4,2,42
I,10.23,-9.57,0,6,21,42,0,22,17,8,47,16,5,32,32,49,5,23,8
I,10.23,-9.57,0,14,40,20,39,23,38,1,32,41,46,27,18,5,7,41,32
I,10.23,-9.57,0,28,5,1,30,45,5,22,46,41,47,17,36,41,36,7,31
I,10.23,-9.57,0,3,34,23,34,28,22,35,46,21,5,41,20,37,38,6,8
I,10.15,-9.72,0,15,1,33,9,33,15,26,5,4,12,11,16,35,25,24,0
I,10.15,-9.72,0,26,25,40,6,37,28,17,40,44,9,9,36,44,2,43,40
I,10.15,-9.72,0,38,0,25,36,30,29,42,36,36,10,13,35,27,20,41,47
I,10.15,-9.72,0,32,30,15,10,21,0,15,48,39,10,13,41,46,34,39,36
I,10.15,-9.72,0,31,20,12,11,6,4,32,38,20,45,45,6,26,26,5,38
I,10.15,-9.61,0,16,28,33,8,32,28,26,44,14,42,31,38,25,1,49,11
I,10.15,-9.61,0,48,32,4,10,23,42,7,18,11,12,22,13,22,32,12,32
I,10.15,-9.61,0,34,39,31,3,2,16,14,8,38,36,22,17,27,34,41,10
I,10.15,-9.61,0,15,22,21,9,44,10,41,21,1,1,21,47,22,4,38,44
I,10.15,-9.61,0,22,22,10,39,43,29,1,7,23,30,17,8,22,14,21,3
I,10.28,-9.59,0,10,48,17,38,33,14,5,33,34,21,6,12,29,40,10,39
I,10.28,-9.59,0,12,19,18,0,6,20,10,17,9,2,25,39,21,22,24,25
I,10.28,-9.59,0,36,34,3,11,46,14,35,22,29,16,29,40,33,6,8,46
I,10.28,-9.59,0,24,22,2,47,13,0,1,46,15,0,5,2,43,21,3,35
I,10.28,-9.59,0,38,15,48,11,20,35,29,43,49,18,14,42,35,20,6,17
I,10.25,-9.56,0,1,44,16,4,30,45,42,16,40,18,43,3,25,13,19,46
I,10.25,-9.56,0,0,42,10,44,34,26,42,45,33,4,15,1,19,47,29,11
I,10.25,-9.56,0,12,46,19,40,47,27,12,32,47,27,24,21,40,3,3,46
I,10.25,-9.56,0,16,14,44,1,46,2,34,1,47,37,9,16,31,5,28,39
I,10.25,-9.56,0,11,25,3,37,41,40,10,26,30,9,10,36,34,48,45,26
I,10.15,-9.66,0,20,2,21,24,29,9,7,35,6,2,25,7,47,34,34,11
I,10.15,-9.66,0,37,26,20,26,32,16,47,35,25,11,15,11,29,33,23,33
I,10.15,-9.66,0,12,38,46,12,45,41,19,13,3,46,48,31,3,17,48,7
I,10.15,-9.66,0,0,49,5,3,48,27,16,14,29,3,0,27,9,44,39,49
I,10.15,-9.66,0,6,18,21,23,12,0,46,43,33,47,20,24,20,21,2,29
I,10.32,-9.61,0,6,43,18,38,10,38,28,18,41,41,8,15,18,16,14,43
I,10.32,-9.61,0,14,7,49,18,19,40,44,47,25,29,49,28,26,10,4,20
I,10.32,-9.61,0,5,27,47,2,35,19,49,37,46,35,28,49,27,40,48,6
I,10.32,-9.61,0,45,48,18,4,23,15,20,15,38,46,36,37,1,0,26,17
I,10.32,-9.61,0,42,18,2,20,45,38,24,7,49,31,49,1,39,40,39,41
I,10.21,-9.70,0,5,10,2,32,3,14,36,8,27,34,36,14,34,7,4,11
I,10.21,-9.70,0,42,49,46,27,26,35,48,42,38,37,35,44,34,11,19,48
I,10.21,-9.70,0,5,40,22,42,49,21,16,7,26,43,27,25,13,22,40,33
I,10.21,-9.70,0,39,42,6,25,6,30,32,2,16,39,49,4,17,23,32,3
I,10.21,-9.70,0,42,23,38,33,17,39,0,28,34,17,26,35,38,30,4,24
I,10.21,-9.64,0,2,33,20,47,7,6,37,49,9,12,35,21,21,43,3,12
I,10.21,-9.64,0,36,6,25,32,28,20,28,34,16,36,45,46,5,1,41,4
I,10.21,-9.64,0,9,32,2,7,19,36,21,42,34,4,6,20,14,13,27,3
I,10.21,-9.64,0,27,20,25,36,15,40,43,6,26,43,27,36,24,1,17,41
I,10.21,-9.64,0,0,8,32,44,27,48,27,45,3,9,16,8,22,26,33,34
I,10.24,-9.63,0,9,28,7,42,24,48,16,43,23,39,41,42,37,30,19,30
I,10.24,-9.63,0,4,7,7,31,27,44,22,49,6,45,19,26,19,31,19,40
I,10.24,-9.63,0,1,14,4,33,28,40,37,37,42,19,43,28,22,28,20,11
I,10.24,-9.63,0,45,24,17,19,45,32,10,2,46,4,7,24,3,39,22,33
I,10.24,-9.63,0,42,14,16,12,12,31,34,30,26,37,10,23,18,49,26,49
I,10.19,-9.59,0,31,21,1,34,29,30,5,46,22,15,11,36,12,9,25,36
I,10.19,-9.59,0,20,42,24,38,18,4,2,33,32,31,27,0,27,2,15,23
I,10.19,-9.59,0,40,31,26,39,46,42,43,23,1,10,47,47,21,45,28,42
I,10.19,-9.59,0,5,16,14,1,2,42,27,8,22,41,23,46,34,23,49,27
I,10.19,-9.59,0,26,28,34,1,39,30,0,48,28,3,30,26,32,5,40,3
I,10.24,-9.56,0,37,34,38,14,41,40,13,21,32,48,14,37,7,37,47,0
I,10.24,-9.56,0,47,27,43,36,38,12,0,20,3,41,8,11,26,32,38,42
I,10.24,-9.56,0,3,8,5,14,14,26,0,11,34,40,9,9,3,7,28,34
I,10.24,-9.56,0,36,44,45,34,47,24,33,48,43,21,22,18,35,36,9,10
I,10.24,-9.56,0,11,29,45,44,38,38,5,8,49,20,25,39,45,39,4,48
I,10.22,-9.58,0,39,43,24,7,45,25,9,30,1,37,38,16,29,20,16,13
I,10.22,-9.58,0,9,25,16,0,0,32,18,20,49,22,39,14,44,26,5,46
I,10.22,-9.58,0,35,48,12,2,2,47,32,41,37,0,25,28,45,31,42,1
I,10.22,-9.58,0,9,12,21,10,3,1,13,30,3,16,9,28,11,0,38,23
I,10.22,-9.58,0,45,49,30,24,18,20,36,40,39,20,21,9,13,45,37,8
I,10.22,-9.62,0,48,31,45,44,40,2,43,2,47,32,49,36,43,0,39,13
I,10.22,-9.62,0,14,43,16,30,30,28,45,22,9,31,33,28,26,32,17,29
I,10.22,-9.62,0,8,21,31,18,32,35,35,17,31,47,18,9,33,21,14,29
I,10.22,-9.62,0,24,13,44,29,9,29,46,21,18,47,26,23,10,14,47,25
I,10.22,-9.62,0,24,16,26,21,16,34,18,48,35,11,27,33,24,12,36,2
I,10.24,-9.60,0,16,45,10,40,42,22,24,31,22,25,14,21,44,16,10,13
I,10.24,-9.60,0,44,19,13,41,4,44,29,24,20,39,10,41,45,30,48,32
I,10.24,-9.60,0,1,26,25,39,24,18,39,34,3,27,26,27,18,10,22,0
I,10.24,-9.60,0,41,18,34,48,24,19,22,46,35,32,5,9,26,29,25,20
I,10.24,-9.60,0,39,13,49,10,27,14,48,4,38,6,44,10,31,4,36,23
I,10.26,-9.66,0,41,43,49,22,10,10,43,26,36,42,28,36,13,6,3,1
I,10.26,-9.66,0,46,7,45,45,0,1,15,15,3,36,8,38,46,10,10,4
I,10.26,-9.66,0,8,26,35,47,25,39,49,31,27,13,20,35,3,2,29,12
I,10.26,-9.66,0,30,19,11,31,22,18,13,25,11,3,11,32,3,39,42,25
I,10.26,-9.66,0,4,18,9,25,30,35,8,32,29,40,47,34,18,36,10,24
I,10.30,-9.68,0,33,32,7,6,47,41,39,21,19,16,32,31,24,2,48,1
I,10.30,-9.68,0,16,5,36,5,37,4,14,17,6,38,23,12,29,0,5,39
I,10.30,-9.68,0,29,15,30,26,5,25,22,8,7,19,38,12,23,20,39,34
I,10.30,-9.68,0,4,26,33,0,10,9,48,39,16,8,48,18,48,35,34,46
I,10.30,-9.68,0,28,2,17,36,33,37,0,40,3,23,47,1,45,48,48,11
I,10.25,-9.51,0,18,3,18,38,18,36,30,23,10,10,28,11,0,2,27,49
I,10.25,-9.51,0,1,46,28,44,34,36,38,0,28,27,47,10,3,17,13,40
I,10.25,-9.51,0,41,22,2,29,13,27,39,33,49,6,47,24,12,14,23,42
I,10.25,-9.51,0,37,5,35,14,8,13,49,44,45,13,44,6,0,39,30,22
I,10.25,-9.51,0,24,39,1,33,49,25,24,22,34,36,49,45,38,19,4,6
I,10.19,-9.58,0,27,9,11,45,14,2,21,19,32,9,21,25,0,9,17,5
I,10.19,-9.58,0,15,6,4,15,21,3,35,39,29,43,34,49,32,18,40,26
I,10.19,-9.58,0,25,31,1,23,45,21,17,2,19,21,26,26,38,18,43,3
I,10.19,-9.58,0,28,1,42,14,36,43,43,48,13,24,47,42,6,31,48,11
I,10.19,-9.58,0,2,24,32,8,44,38,24,21,40,3,35,2,48,49,28,35
I,10.08,-9.65,0,23,16,8,31,17,43,34,22,48,45,43,20,48,19,9,38
I,10.08,-9.65,0,3,47,22,23,6,38,18,46,21,30,23,43,43,17,31,45
I,10.08,-9.65,0,19,42,15,30,38,31,25,29,14,20,14,19,4,25,11,46
I,10.08,-9.65,0,46,29,18,5,20,15,46,12,18,19,36,33,30,34,35,38
I,10.08,-9.65,0,16,21,0,49,46,42,47,31,27,12,42,3,29,42,47,29
I,10.18,-9.64,0,4,9,23,27,16,41,48,37,7,39,38,25,5,9,33,39
I,10.18,-9.64,0,18,37,39,39,29,8,38,32,34,6,33,22,47,34,24,26
I,10.18,-9.64,0,1,44,5,18,35,39,11,2,35,13,46,18,10,19,46,13
I,10.18,-9.64,0,49,46,13,38,18,17,42,45,22,20,41,40,21,0,18,44
I,10.18,-9.64,0,16,28,42,15,9,25,27,17,47,4,42,33,42,21,11,45
I,10.23,-9.65,0,24,28,11,13,36,37,9,41,34,39,22,13,40,25,28,22
I,10.23,-9.65,0,9,2,31,15,8,34,44,22,11,2,21,41,0,1,36,47
I,10.23,-9.65,0,1,45,32,5,2,32,8,18,49,16,30,39,36,24,34,43
I,10.23,-9.65,0,31,6,13,3,8,18,47,11,27,48,9,22,9,5,40,46
I,10.23,-9.65,0,10,16,42,4,44,10,2,34,27,21,49,4,2,2,45,27
I,10.24,-9.69,0,43,9,10,17,31,33,24,6,38,9,45,43,47,34,2,36
I,10.24,-9.69,0,14,27,28,15,31,11,0,2,33,3,14,47,2,35,0,34
I,10.24,-9.69,0,20,29,46,42,39,24,23,10,41,36,42,2,45,49,46,4
I,10.24,-9.69,0,45,17,27,28,25,49,49,35,30,30,30,4,1,10,23,19
I,10.24,-9.69,0,43,48,49,2,48,30,11,25,44,14,45,5,30,26,28,38
I,10.20,-9.58,0,6,3,32,35,8,11,21,41,4,18,28,29,41,16,12,17
I,10.20,-9.58,0,48,8,27,15,35,47,17,31,22,41,39,3,41,24,21,45
I,10.20,-9.58,0,18,48,40,20,23,47,5,31,3,30,6,35,36,4,4,14
I,10.20,-9.58,0,33,5,12,42,1,48,44,21,44,11,13,8,29,28,31,47
I,10.20,-9.58,0,42,28,32,24,0,31,40,36,20,37,38,3,46,39,35,6
I,10.16,-9.58,0,10,13,8,48,49,18,44,49,37,3,24,22,2,19,20,27
I,10.16,-9.58,0,29,32,31,46,17,49,20,5,15,42,22,41,28,25,46,14
I,10.16,-9.58,0,30,0,13,32,4,11,42,16,12,16,26,17,44,4,4,18
I,10.16,-9.58,0,42,9,25,2,32,3,12,1,33,43,8,41,13,7,5,1
I,10.16,-9.58,0,5,31,11,16,4,25,17,39,36,41,3,2,42,36,11,13
I,10.23,-9.61,0,6,9,8,44,36,0,0,38,37,36,11,18,5,48,8,40
I,10.23,-9.61,0,27,20,33,0,18,38,5,35,23,46,5,31,1,43,15,20
I,10.23,-9.61,0,32,37,20,38,16,5,33,15,1,37,34,46,45,4,38,36
I,10.23,-9.61,0,37,11,6,40,43,11,27,18,34,31,16,1,44,0,11,39
I,10.23,-9.61,0,36,38,36,3,34,40,44,36,36,30,13,13,21,29,35,20
I,10.25,-9.66,0,48,10,1,33,47,30,13,30,33,43,32,30,2,8,3,31
I,10.25,-9.66,0,38,39,7,8,23,43,40,47,39,5,44,18,27,43,14,23
I,10.25,-9.66,0,22,20,47,20,38,17,46,11,10,37,38,22,23,7,27,5
I,10.25,-9.66,0,36,16,7,21,38,48,48,35,34,33,4,35,36,12,0,14
I,10.25,-9.66,0,36,41,26,26,15,20,32,30,41,32,48,47,42,23,10,49
I,10.17,-9.62,0,6,8,42,48,33,17,13,21,2,23,6,26,17,24,7,11
I,10.17,-9.62,0,34,2,2,44,28,32,9,35,16,14,48,37,5,19,48,48
I,10.17,-9.62,0,8,21,33,26,7,30,20,26,1,24,28,14,25,13,24,41
I,10.17,-9.62,0,23,37,46,35,3,25,10,36,19,41,32,11,48,13,8,25
I,10.17,-9.62,0,8,39,31,28,36,42,37,15,6,26,8,9,20,10,41,49
I,10.18,-9.66,0,31,0,49,4,28,36,21,45,45,48,48,42,5,7,46,47
I,10.18,-9.66,0,46,28,1,21,20,29,48,23,31,5,0,40,21,12,9,20
I,10.18,-9.66,0,44,1,32,7,30,23,6,19,8,30,29,27,46,18,30,0
I,10.18,-9.66,0,29,6,32,34,6,29,45,30,15,33,16,48,0,6,9,5
I,10.18,-9.66,0,33,42,10,7,13,37,41,27,18,6,46,20,34,13,26,3
I,10.30,-9.60,0,5,37,40,11,31,25,25,34,22,28,25,9,8,21,19,10
I,10.30,-9.60,0,35,20,47,38,31,26,25,36,6,6,33,42,14,41,7,23
I,10.30,-9.60,0,23,19,4,28,14,12,39,24,47,30,3,35,14,10,8,25
I,10.30,-9.60,0,19,31,2,41,38,6,8,40,15,10,7,20,29,34,3,3
I,10.30,-9.60,0,21,30,0,28,36,42,10,37,36,29,44,8,17,13,31,36
I,10.22,-9.71,0,27,39,8,3,41,19,23,7,41,15,49,44,35,44,14,24
I,10.22,-9.71,0,20,25,48,31,44,33,37,7,48,14,29,7,10,29,23,32
I,10.22,-9.71,0,8,29,8,28,2,37,28,44,46,10,26,39,48,25,27,14
I,10.22,-9.71,0,35,26,19,13,40,22,22,40,19,42,2,5,31,43,36,46
I,10.22,-9.71,0,43,42,28,36,0,49,40,16,35,12,39,2,25,21,39,38
I,10.21,-9.67,0,0,46,43,3,19,23,42,11,1,43,31,0,47,33,33,20
I,10.21,-9.67,0,25,15,33,21,49,15,21,37,27,38,14,3,0,30,47,46
I,10.21,-9.67,0,46,39,44,31,36,33,49,6,26,24,21,32,15,33,20,40
I,10.21,-9.67,0,42,15,17,8,7,12,23,31,6,33,37,11,10,10,27,39
I,10.21,-9.67,0,28,25,48,8,25,39,44,35,23,21,25,9,40,36,21,4
I,10.28,-9.62,0,43,17,17,46,46,17,21,17,2,6,22,29,0,20,33,18
I,10.28,-9.62,0,22,29,23,44,0,31,8,19,15,24,23,44,32,22,12,32
I,10.28,-9.62,0,44,13,39,35,31,49,40,29,7,19,41,9,22,22,38,12
I,10.28,-9.62,0,39,27,43,19,49,15,13,44,33,16,36,3,0,41,24,14
I,10.28,-9.62,0,27,35,18,31,30,26,28,35,13,40,37,43,23,11,22,8
I,10.13,-9.66,0,7,21,11,17,25,23,10,23,4,3,29,19,17,37,37,36
I,10.13,-9.66,0,29,24,0,41,31,49,48,19,32,20,23,44,31,5,9,45
I,10.13,-9.66,0,16,12,32,43,10,14,31,45,10,5,42,5,2,16,39,21
I,10.13,-9.66,0,42,27,1,17,37,46,32,39,47,47,2,18,28,47,42,49
I,10.13,-9.66,0,13,18,48,2,38,13,37,48,11,27,0,43,20,5,21,28
I,10.29,-9.56,0,43,48,13,8,37,42,17,23,14,12,37,37,22,40,1,4
I,10.29,-9.56,0,19,28,33,23,32,49,14,0,2,42,7,7,40,7,12,13
I,10.29,-9.56,0,2,16,17,45,6,0,49,14,1,39,35,8,29,46,45,7
I,10.29,-9.56,0,42,25,15,9,49,1,28,40,22,44,22,26,12,27,0,40
I,10.29,-9.56,0,6,22,14,38,33,9,6,21,1,10,22,48,9,30,35,42
I,10.21,-9.63,0,43,46,11,18,42,34,46,33,43,17,40,47,14,11,9,6
I,10.21,-9.63,0,41,23,31,49,44,31,41,21,33,20,14,18,38,26,9,34
I,10.21,-9.63,0,18,0,12,47,38,46,10,4,44,16,18,36,10,23,40,11
I,10.21,-9.63,0,33,48,18,6,27,32,40,14,30,3,1,16,36,31,3,32
I,10.21,-9.63,0,14,16,40,44,39,48,6,27,18,40,25,9,1,44,10,39
I,10.23,-9.67,0,6,0,30,42,28,16,21,44,16,9,32,1,33,15,41,22
I,10.23,-9.67,0,36,25,34,31,44,20,26,13,23,48,49,28,33,19,0,18
I,10.23,-9.67,0,6,34,44,8,37,24,8,15,44,7,35,19,7,1,3,20
I,10.23,-9.67,0,41,25,40,35,42,32,25,0,15,16,17,9,20,5,36,44
I,10.23,-9.67,0,46,46,29,14,12,4,30,19,20,35,0,0,25,31,12,40
I,10.27,-9.68,0,3,11,15,30,3,29,22,7,9,29,14,39,41,14,15,49
I,10.27,-9.68,0,36,36,48,1,6,32,47,15,42,29,49,29,49,25,41,33
I,10.27,-9.68,0,46,30,46,2,38,14,32,47,48,16,19,40,0,48,36,5
I,10.27,-9.68,0,6,10,3,45,8,16,21,39,43,11,15,21,4,47,14,39
I,10.27,-9.68,0,35,0,6,36,44,29,9,5,11,0,33,6,27,15,12,12
I,10.30,-9.67,0,17,13,47,44,25,45,15,39,28,7,37,12,5,8,37,4
I,10.30,-9.67,0,1,35,34,38,31,26,28,9,48,17,9,38,19,15,10,5
I,10.30,-9.67,0,44,2,42,44,6,49,24,12,33,40,48,36,31,49,20,47
I,10.30,-9.67,0,9,25,22,46,14,8,21,18,11,4,1,10,47,2,12,9
I,10.30,-9.67,0,17,46,13,39,21,38,39,31,17,23,6,38,45,17,1,11
I,10.27,-9.65,0,38,17,44,35,21,21,42,17,42,8,19,9,1,45,29,0
I,10.27,-9.65,0,15,36,15,8,1,18,47,46,15,3,37,28,21,31,27,27
I,10.27,-9.65,0,11,36,7,43,48,40,38,4,4,25,32,37,21,39,32,11
I,10.27,-9.65,0,41,44,6,43,13,32,9,18,19,49,21,37,10,5,46,31
I,10.27,-9.65,0,39,7,17,45,9,30,39,10,22,35,1,37,13,32,0,42
I,10.29,-9.59,0,37,18,42,6,30,47,41,5,40,31,36,22,43,18,36,3
I,10.29,-9.59,0,7,32,10,19,48,23,9,15,3,48,17,23,38,26,0,46
I,10.29,-9.59,0,17,11,7,27,39,23,7,19,32,19,19,16,45,45,45,6
I,10.29,-9.59,0,27,12,2,40,1,3,44,18,39,5,44,17,46,34,22,41
I,10.29,-9.59,0,43,29,47,9,26,3,3,10,27,16,16,34,35,36,38,45
I,10.24,-9.64,0,37,15,31,49,30,49,13,13,44,15,3,20,20,28,0,35
I,10.24,-9.64,0,48,48,17,24,47,33,19,9,12,41,16,10,34,36,34,21
I,10.24,-9.64,0,12,25,4,26,19,28,22,28,3,9,19,38,22,37,40,5
I,10.24,-9.64,0,38,34,38,21,5,29,28,27,7,26,33,13,15,26,49,42
I,10.24,-9.64,0,5,27,4,23,22,49,0,17,8,11,10,42,44,26,28,2
I,10.22,-9.65,0,10,14,42,1,29,15,2,21,26,25,23,43,8,9,44,16
I,10.22,-9.65,0,41,28,36,39,0,0,25,20,3,43,42,47,31,24,2,22
I,10.22,-9.65,0,22,39,10,11,41,6,40,41,32,3,31,15,5,4,25,43
I,10.22,-9.65,0,25,13,11,28,18,21,36,40,47,10,24,41,26,46,37,16
I,10.22,-9.65,0,16,8,23,48,44,11,38,13,6,24,2,36,36,23,10,36
I,10.18,-9.66,0,27,16,48,25,28,2,37,26,36,0,23,48,5,37,38,35
I,10.18,-9.66,0,0,25,34,11,5,2,47,0,25,32,14,35,45,7,33,39
I,10.18,-9.66,0,37,22,6,2,44,34,4,39,28,34,47,12,3,25,13,29
I,10.18,-9.66,0,23,23,31,22,39,3,45,14,41,19,31,34,13,25,3,4
I,10.18,-9.66,0,47,40,14,22,49,16,25,27,33,36,38,13,9,29,4,12
I,10.23,-9.64,0,42,2,39,7,44,40,32,40,23,34,8,33,9,42,20,28
I,10.23,-9.64,0,26,38,7,19,31,10,47,13,2,36,49,44,19,23,25,43
I,10.23,-9.64,0,47,41,5,40,34,42,13,34,17,33,7,32,22,6,22,8
I,10.23,-9.64,0,1,13,45,44,21,0,34,32,40,3,29,19,25,13,17,37
I,10.23,-9.64,0,11,0,20,40,20,33,25,44,25,24,2,8,20,0,43,44
I,10.19,-9.64,0,6,20,26,33,40,33,24,43,26,35,14,41,19,1,37,36
I,10.19,-9.64,0,3,34,48,39,28,16,32,17,17,26,27,20,37,16,22,41
I,10.19,-9.64,0,14,9,4,6,40,35,44,39,5,20,37,44,48,10,8,9
I,10.19,-9.64,0,15,30,22,37,17,23,22,36,49,18,45,15,32,18,49,40
I,10.19,-9.64,0,46,39,21,0,22,43,32,24,14,5,1,43,32,5,13,6
I,10.19,-9.62,0,47,41,49,30,38,22,32,33,42,15,7,27,14,11,28,11
I,10.19,-9.62,0,45,6,5,0,23,8,19,27,20,15,34,16,13,21,15,11
I,10.19,-9.62,0,10,28,48,29,7,18,2,35,18,34,33,39,5,21,11,36
I,10.19,-9.62,0,11,21,31,43,37,19,29,48,44,9,43,39,1,46,18,4
I,10.19,-9.62,0,45,33,32,19,9,32,35,36,9,45,14,11,45,11,46,32
I,10.25,-9.63,0,6,30,42,19,46,22,7,31,23,16,43,39,23,32,25,5
I,10.25,-9.63,0,12,21,29,39,4,42,29,11,3,8,20,31,25,3,49,7
I,10.25,-9.63,0,48,29,39,12,36,23,13,34,8,46,44,34,30,10,16,29
I,10.25,-9.63,0,15,1,49,14,44,32,1,35,29,21,18,44,21,19,12,35
I,10.25,-9.63,0,49,3,17,27,2,10,8,47,6,30,16,6,13,40,24,16
I,10.21,-9.69,0,19,36,20,20,41,45,33,7,1,3,19,25,26,45,9,19
I,10.21,-9.69,0,38,32,0,49,30,40,10,8,16,34,42,10,25,16,2,44
I,10.21,-9.69,0,4,31,31,8,15,49,26,7,15,40,27,15,9,46,41,21
I,10.21,-9.69,0,28,9,44,2,34,26,17,21,36,46,6,20,5,24,11,13
I,10.21,-9.69,0,43,45,27,25,48,26,5,3,8,49,26,37,38,21,10,18
I,10.34,-9.64,0,1,21,28,12,30,26,32,28,38,4,24,39,26,6,22,10
I,10.34,-9.64,0,18,43,5,31,13,4,8,1,12,15,2,26,6,6,19,10
I,10.34,-9.64,0,48,18,42,33,23,37,4,34,27,38,32,22,27,27,12,20
I,10.34,-9.64,0,43,44,20,48,45,39,47,22,38,38,42,13,23,40,8,48
I,10.34,-9.64,0,24,27,47,13,8,4,25,2,7,44,4,1,9,46,22,40
I,10.11,-9.63,0,33,39,28,22,38,45,20,36,6,31,17,33,14,0,24,5
I,10.11,-9.63,0,46,24,14,5,30,35,30,31,48,7,6,31,4,25,17,45
I,10.11,-9.63,0,27,18,15,36,41,35,2,49,9,22,16,32,2,10,12,30
I,10.11,-9.63,0,30,18,48,23,10,42,43,49,18,13,20,12,36,27,29,46
I,10.11,-9.63,0,12,34,5,17,37,42,17,30,15,12,19,11,41,10,29,40
I,10.24,-9.68,0,22,37,3,5,12,23,7,36,9,21,16,5,3,49,32,35
I,10.24,-9.68,0,2,37,3,28,12,46,13,44,20,27,3,21,21,45,40,1
I,10.24,-9.68,0,5,12,37,0,24,49,7,28,41,33,2,28,43,36,22,10
I,10.24,-9.68,0,13,31,33,25,31,42,12,9,14,34,20,38,22,49,40,33
I,10.24,-9.68,0,4,11,19,2,46,13,45,38,11,29,21,6,37,26,44,12
I,10.23,-9.58,0,41,23,32,29,21,47,25,32,45,3,3,21,31,22,24,21
I,10.23,-9.58,0,32,16,40,13,14,31,0,33,39,47,36,46,43,42,42,21
I,10.23,-9.58,0,5,9,32,48,8,34,3,2,49,35,24,30,11,6,13,45
I,10.23,-9.58,0,14,26,25,43,29,45,42,13,21,45,23,18,36,11,37,47
I,10.23,-9.58,0,2,1,18,29,21,18,46,10,6,14,34,1,30,2,38,5
I,10.19,-9.73,0,26,10,46,3,17,26,34,0,34,13,19,47,32,38,14,48
I,10.19,-9.73,0,42,32,31,9,30,44,25,3,38,14,42,35,30,32,26,19
I,10.19,-9.73,0,6,7,16,22,25,29,40,42,6,30,47,35,33,9,43,34
I,10.19,-9.73,0,15,27,22,25,18,3,45,1,21,32,27,6,20,49,2,17
I,10.19,-9.73,0,10,25,20,6,27,35,16,23,0,23,10,25,3,46,42,0
I,10.19,-9.55,0,27,6,21,5,42,45,33,25,10,39,26,8,32,8,22,19
I,10.19,-9.55,0,22,7,39,25,6,19,32,41,4,31,46,13,25,49,46,30
I,10.19,-9.55,0,39,18,23,2,14,18,40,40,29,5,24,19,10,37,18,39
I,10.19,-9.55,0,11,44,17,35,48,40,7,18,35,2,20,34,24,38,43,24
I,10.19,-9.55,0,24,39,25,46,37,1,13,41,24,37,26,30,45,31,18,5
I,10.11,-9.66,0,12,16,22,23,29,43,41,27,23,13,49,13,44,46,40,35
I,10.11,-9.66,0,19,18,2,8,3,6,5,46,8,43,9,34,26,24,22,30
I,10.11,-9.66,0,0,22,28,38,30,48,16,12,19,17,17,36,16,14,2,48
I,10.11,-9.66,0,25,31,32,48,27,47,27,25,22,34,44,32,8,43,33,20
I,10.11,-9.66,0,31,6,26,22,45,39,8,18,40,33,49,40,17,45,8,24
I,10.23,-9.54,0,14,17,26,47,22,23,26,13,3,32,31,22,2,41,41,19
I,10.23,-9.54,0,47,15,29,41,37,33,10,18,47,1,26,40,22,16,16,11
I,10.23,-9.54,0,30,42,6,16,46,45,9,44,0,32,23,46,20,33,9,35
I,10.23,-9.54,0,2,29,22,22,7,18,34,36,34,20,11,45,1,24,17,22
I,10.23,-9.54,0,13,7,42,37,19,31,36,30,1,25,5,11,6,18,34,11
I,10.24,-9.63,0,11,19,43,2,27,8,42,8,20,27,27,11,2,27,46,34
I,10.24,-9.63,0,40,3,16,11,35,38,43,0,44,27,19,39,13,24,47,14
I,10.24,-9.63,0,45,43,17,28,35,45,24,48,49,17,15,48,9,16,47,25
I,10.24,-9.63,0,8,9,16,48,13,28,21,24,13,46,32,31,15,39,2,27
I,10.24,-9.63,0,21,37,0,46,27,15,28,47,35,41,10,41,31,21,11,23
I,10.15,-9.50,0,26,35,9,37,34,23,15,31,42,27,11,5,23,32,4,6
I,10.15,-9.50,0,9,10,16,49,46,21,4,34,14,1,47,47,0,25,10,32
I,10.15,-9.50,0,34,48,45,1,4,3,43,10,32,4,49,3,20,44,15,32
I,10.15,-9.50,0,14,15,9,18,36,13,12,24,44,4,13,0,36,8,24,38
I,10.15,-9.50,0,48,2,12,25,33,42,48,21,37,39,3,27,46,23,8,46
I,10.23,-9.58,0,44,30,19,25,36,22,2,33,2,49,37,22,2,48,15,34
I,10.23,-9.58,0,2,2,22,4,11,36,33,23,34,47,45,49,36,30,18,11
I,10.23,-9.58,0,15,33,32,23,16,37,15,22,27,15,3,23,46,39,42,13
I,10.23,-9.58,0,43,20,3,21,38,15,46,26,12,49,3,7,30,10,37,37
I,10.23,-9.58,0,7,39,29,35,33,6,25,22,36,25,2,42,7,5,22,31
I,10.21,-9.68,0,41,33,38,34,28,33,35,18,48,37,44,29,25,49,30,15
I,10.21,-9.68,0,16,40,21,41,31,15,27,25,29,37,27,35,9,12,29,37
I,10.21,-9.68,0,47,23,13,25,31,49,43,7,9,12,43,11,22,2,9,13
I,10.21,-9.68,0,14,28,12,4,13,45,14,37,6,12,9,40,38,47,22,5
I,10.21,-9.68,0,22,20,20,44,23,18,18,30,25,14,39,15,20,12,39,37
I,10.23,-9.63,0,39,3,43,15,34,32,13,27,34,10,28,35,38,33,16,45
I,10.23,-9.63,0,41,40,21,24,37,37,37,10,22,38,46,6,26,30,10,21
I,10.23,-9.63,0,35,9,0,36,14,13,32,45,8,11,8,13,16,22,5,32
I,10.23,-9.63,0,4,33,38,15,16,10,22,39,47,41,47,20,21,27,8,32
I,10.23,-9.63,0,11,30,1,38,13,3,17,5,6,26,46,41,48,36,26,48
I,10.28,-9.61,0,18,49,44,2,20,10,36,1,6,16,10,37,29,20,20,34
I,10.28,-9.61,0,31,24,1,11,9,30,21,15,40,17,11,35,26,5,39,42
I,10.28,-9.61,0,28,11,15,18,16,44,4,15,1,32,10,41,15,3,15,8
I,10.28,-9.61,0,27,32,43,15,45,23,49,11,13,32,19,14,16,43,28,0
I,10.28,-9.61,0,17,20,48,21,35,18,49,32,38,13,34,24,17,49,30,2
I,10.20,-9.68,0,18,1,26,23,16,25,7,9,29,37,17,37,26,32,27,42
I,10.20,-9.68,0,28,45,10,30,16,14,38,44,24,39,43,40,38,43,42,21
I,10.20,-9.68,0,34,31,0,16,6,5,25,40,2,11,25,26,46,11,15,34
I,10.20,-9.68,0,11,25,22,6,17,42,5,30,43,15,1,2,10,45,24,37
I,10.20,-9.68,0,24,20,45,15,49,46,0,0,2,47,38,27,23,39,2,46
I,10.20,-9.66,0,7,12,0,32,40,42,13,0,37,36,4,8,47,8,3,32
I,10.20,-9.66,0,4,21,44,2,25,11,0,15,15,14,41,3,46,42,0,14
I,10.20,-9.66,0,25,21,43,34,30,19,32,11,34,2,37,19,26,0,33,36
I,10.20,-9.66,0,47,48,36,13,42,8,13,2,42,39,18,29,24,42,7,38
I,10.20,-9.66,0,8,4,12,31,7,40,39,15,21,38,38,12,9,43,29,49
I,10.18,-9.58,0,9,38,49,14,40,33,12,41,10,11,38,0,12,36,8,48
I,10.18,-9.58,0,12,38,23,8,7,15,10,3,26,38,21,39,43,46,45,16
I,10.18,-9.58,0,12,18,49,17,39,28,8,29,32,1,5,45,25,12,1,17
I,10.18,-9.58,0,13,18,31,14,16,27,21,48,19,41,13,9,2,7,45,4
I,10.18,-9.58,0,18,33,3,43,3,49,45,11,31,14,44,46,4,14,18,46
I,10.27,-9.59,0,28,33,34,15,34,43,46,27,47,16,9,45,5,20,2,47
I,10.27,-9.59,0,0,47,19,31,33,45,30,43,8,44,37,9,36,40,43,33
I,10.15,-9.61,0,40,49,12,14,27,28,33,22,2,5,14,3,45,24,8,49
I,10.15,-9.61,0,6,43,26,27,0,3,18,21,20,18,15,30,40,14,46,40
I,10.15,-9.61,0,22,28,13,37,48,15,35,4,2,24,11,20,13,40,42,33
I,10.15,-9.61,0,7,13,27,12,32,0,20,34,12,24,42,45,10,13,11,45
I,10.15,-9.61,0,37,3,43,32,20,34,34,13,19,9,18,37,17,47,29,4
I,10.27,-9.56,0,28,34,37,36,30,8,25,6,13,21,47,27,10,24,36,40
I,10.27,-9.56,0,31,4,37,37,4,34,29,44,28,6,16,7,35,24,33,6
I,10.27,-9.56,0,27,36,23,9,43,21,35,36,3,34,45,11,15,3,49,8
I,10.27,-9.56,0,35,1,31,25,3,21,29,24,46,3,25,49,40,28,1,5
I,10.27,-9.56,0,17,19,39,5,11,24,8,4,45,45,36,26,27,38,22,20
I,10.23,-9.65,0,26,9,3,14,25,14,28,13,34,12,46,3,17,37,2,27
I,10.23,-9.65,0,36,33,31,40,3,23,48,24,34,20,23,19,34,22,19,20
I,10.23,-9.65,0,32,42,30,47,23,22,49,20,29,20,33,33,10,16,9,36
I,10.23,-9.65,0,29,27,37,14,22,47,49,32,39,0,8,45,45,1,9,0
I,10.23,-9.65,0,44,20,48,19,44,26,29,11,46,39,24,0,21,6,28,16
I,10.18,-9.68,0,22,0,45,38,15,1,15,3,35,20,34,16,9,27,18,36
I,10.18,-9.68,0,44,42,12,1,11,1,28,10,24,38,48,26,14,5,0,20
I,10.18,-9.68,0,25,28,48,20,39,30,9,27,32,28,37,44,20,30,19,43
I,10.18,-9.68,0,20,16,26,41,46,30,23,7,7,49,10,40,1,17,21,16
I,10.18,-9.68,0,37,49,24,49,35,33,38,1,32,6,49,40,34,48,22,12
I,10.15,-9.63,0,36,12,7,39,25,26,28,27,22,14,0,14,45,4,33,21
I,10.15,-9.63,0,28,43,8,25,34,1,0,33,32,17,31,23,18,47,41,21
I,10.15,-9.63,0,12,31,34,12,39,31,17,35,2,7,33,18,14,47,29,22
I,10.15,-9.63,0,27,3,40,28,25,44,39,23,16,19,4,45,4,36,7,13
I,10.15,-9.63,0,24,11,29,38,15,6,0,37,32,30,33,29,27,22,44,8
I,10.22,-9.58,0,10,3,49,49,28,16,3,35,21,20,26,6,27,4,28,34
I,10.22,-9.58,0,1,9,24,7,44,17,48,3,15,14,19,12,20,19,17,14
I,10.22,-9.58,0,47,1,39,46,36,9,47,21,27,10,13,35,36,1,23,6
I,10.22,-9.58,0,32,18,48,46,13,1,27,7,45,7,29,6,3,28,19,2
I,10.22,-9.58,0,4,23,41,7,17,33,13,14,19,40,24,2,22,19,39,28
I,10.25,-9.60,0,22,18,20,29,25,43,13,10,6,22,24,37,28,42,22,5
I,10.25,-9.60,0,34,30,36,38,48,32,4,17,49,31,48,34,38,6,46,47
I,10.25,-9.60,0,22,9,25,46,1,40,33,48,48,22,2,7,18,10,6,22
I,10.25,-9.60,0,17,36,13,20,24,35,49,22,19,5,44,32,13,30,46,13
I,10.25,-9.60,0,23,24,24,41,30,3,2,25,14,20,7,44,1,14,19,9
I,10.16,-9.65,0,29,43,45,37,47,26,46,29,39,34,9,41,3,3,4,14
I,10.16,-9.65,0,20,37,17,37,26,46,38,41,46,34,39,10,4,20,11,0
I,10.16,-9.65,0,39,47,43,20,26,9,48,0,1,16,39,42,45,29,1,46
I,10.16,-9.65,0,14,3,9,36,45,31,1,36,33,49,13,32,43,22,38,7
I,10.16,-9.65,0,28,9,16,31,34,22,15,3,31,26,14,18,23,38,11,28
I,10.18,-9.64,0,8,35,28,1,47,48,47,20,9,1,18,27,8,1,38,31
I,10.18,-9.64,0,29,0,45,41,20,32,48,33,14,19,22,15,30,43,15,6
I,10.18,-9.64,0,19,6,12,45,10,16,12,19,31,23,47,11,33,38,0,22
I,10.18,-9.64,0,30,30,0,31,29,24,0,20,7,36,13,32,33,9,47,24
I,10.18,-9.64,0,44,8,8,21,8,30,24,37,13,49,39,44,15,11,33,17
I,10.13,-9.65,0,3,27,18,44,32,33,21,45,28,2,4,26,15,21,14,1
I,10.13,-9.65,0,46,18,36,12,1,32,4,28,11,36,19,16,48,45,48,36
I,10.13,-9.65,0,48,0,13,47,34,2,21,27,36,44,42,39,9,12,36,6
I,10.13,-9.65,0,46,18,4,38,7,19,18,43,3,33,34,2,37,17,46,27
I,10.13,-9.65,0,42,8,13,32,39,43,17,43,39,33,46,2,44,38,4,41
I,10.31,-9.53,0,9,49,7,4,42,15,42,40,11,39,3,48,2,24,2,3
I,10.31,-9.53,0,4,12,9,26,45,34,33,1,37,39,13,16,23,7,14,35
I,10.31,-9.53,0,30,1,37,13,39,24,11,20,37,10,36,41,5,47,20,16
I,10.31,-9.53,0,36,16,41,34,46,21,25,49,20,19,29,2,31,18,15,32
I,10.31,-9.53,0,13,1,17,43,19,29,26,47,30,41,2,29,29,9,22,2
I,10.23,-9.60,0,15,26,37,46,10,27,15,24,2,28,46,13,9,15,43,28
I,10.23,-9.60,0,49,0,40,38,18,41,49,49,43,5,12,22,17,40,28,31
I,10.23,-9.60,0,30,15,31,40,28,11,11,1,24,39,41,39,33,0,41,31
I,10.23,-9.60,0,45,8,22,38,45,33,26,12,23,22,34,26,49,0,21,26
I,10.23,-9.60,0,3,12,44,28,35,5,18,36,26,49,38,2,45,20,29,13
I,10.34,-9.57,0,27,15,36,20,31,39,10,46,13,1,40,38,27,27,28,5
I,10.34,-9.57,0,3,36,8,11,47,19,13,30,25,48,17,2,6,34,14,47
I,10.34,-9.57,0,36,9,2,5,26,43,19,25,41,41,41,27,27,43,15,31
I,10.34,-9.57,0,28,8,45,17,38,37,36,20,27,9,3,38,26,13,11,16
I,10.34,-9.57,0,49,28,44,29,20,28,48,27,40,37,2,32,27,6,7,38
I,10.26,-9.70,0,16,25,4,37,13,5,23,31,28,23,15,2,40,24,5,19
I,10.26,-9.70,0,7,34,7,4,35,11,4,10,33,11,20,35,2,9,7,11
I,10.26,-9.70,0,16,19,1,24,35,38,32,13,21,9,1,39,39,31,29,9
I,10.26,-9.70,0,43,31,9,3,23,42,18,32,27,37,1,49,42,37,40,4
I,10.26,-9.70,0,27,24,47,41,33,11,32,7,26,24,1,8,45,9,22,19
I,10.18,-9.67,0,47,30,40,33,31,49,17,37,12,49,40,1,24,37,37,31
I,10.18,-9.67,0,42,19,47,10,5,44,35,48,8,15,5,12,41,42,27,6
I,10.18,-9.67,0,45,47,28,42,27,27,48,47,2,27,10,36,40,1,32,14
I,10.18,-9.67,0,33,18,14,45,3,5,13,6,14,15,34,10,12,36,28,19
I,10.18,-9.67,0,9,43,23,34,47,34,7,6,49,45,18,7,37,35,47,34
I,10.21,-9.64,0,20,48,6,35,32,19,25,41,40,20,24,0,12,23,30,4
I,10.21,-9.64,0,2,20,16,3,22,18,15,37,49,12,41,27,17,16,38,26
I,10.21,-9.64,0,12,35,34,15,47,16,17,24,14,27,16,5,47,33,18,28
I,10.21,-9.64,0,42,35,10,4,27,32,18,5,2,31,43,38,18,26,19,15
I,10.21,-9.64,0,30,30,33,12,17,44,43,46,38,12,39,9,4,47,24,30
I,10.20,-9.62,0,26,49,30,41,16,21,33,28,39,44,35,38,29,12,8,49
I,10.20,-9.62,0,41,47,34,39,19,46,7,19,16,32,47,9,17,20,35,24
I,10.20,-9.62,0,16,43,32,13,44,33,7,13,3,47,14,16,10,34,49,16
I,10.20,-9.62,0,30,40,18,13,40,19,27,8,22,22,39,45,49,16,48,4
I,10.20,-9.62,0,32,6,3,8,33,32,19,22,39,17,41,49,29,48,45,20
I,10.19,-9.67,0,4,23,45,27,47,2,21,43,46,39,48,13,47,5,8,44
I,10.19,-9.67,0,7,20,13,42,37,12,23,6,33,0,49,13,32,15,41,0
I,10.19,-9.67,0,18,0,46,34,8,17,45,27,39,12,29,23,21,9,0,40
I,10.19,-9.67,0,23,33,12,35,13,8,12,37,20,30,36,1,13,7,48,16
I,10.19,-9.67,0,43,9,21,44,45,25,1,1,12,46,18,41,38,19,14,10
I,10.21,-9.61,0,38,6,9,25,24,25,13,29,25,40,30,43,19,16,15,39
I,10.21,-9.61,0,46,47,40,18,8,15,6,26,18,29,2,25,34,11,30,31
I,10.20,-9.61,0,25,13,14,17,4,47,48,6,26,26,46,33,14,48,20,24
I,10.20,-9.61,0,32,44,29,14,17,34,42,40,7,47,40,21,41,9,43,34
I,10.20,-9.61,0,18,45,19,15,24,42,36,49,44,21,19,29,27,2,13,12
I,10.20,-9.61,0,33,27,2,22,23,16,37,9,34,34,2,31,11,44,32,37
I,10.20,-9.61,0,10,1,19,13,9,3,1,44,10,32,41,5,35,0,7,23
I,10.10,-9.69,0,0,24,34,29,5,45,39,31,49,0,43,44,31,8,30,39
I,10.10,-9.69,0,22,41,0,20,36,22,23,47,40,48,13,43,42,6,11,43
I,10.10,-9.69,0,22,44,12,39,34,49,33,0,32,5,25,26,17,0,29,48
I,10.10,-9.69,0,31,48,13,16,5,45,33,37,43,37,13,37,38,15,9,30
I,10.10,-9.69,0,0,20,23,49,4,7,31,31,21,9,26,8,10,48,0,42
I,10.25,-9.62,0,29,8,29,49,11,16,18,32,11,28,30,48,21,19,12,0
I,10.25,-9.62,0,40,7,18,42,30,6,49,49,29,9,40,14,2,33,12,42
I,10.25,-9.62,0,35,47,24,33,34,10,39,20,31,18,4,6,37,4,30,33
I,10.25,-9.62,0,17,23,1,23,46,21,33,29,43,23,0,2,32,46,45,11
I,10.25,-9.62,0,22,14,1,23,1,29,40,12,26,39,6,22,41,36,19,2
I,10.25,-9.62,0,26,44,27,2,9,6,7,27,21,42,22,5,31,17,11,21
I,10.25,-9.62,0,30,13,13,33,48,35,7,9,39,14,35,6,22,25,21,47
I,10.25,-9.62,0,10,17,16,0,29,30,4,37,25,12,36,23,9,19,1,34
I,10.25,-9.62,0,42,47,15,36,43,42,7,19,2,39,40,35,29,9,25,32
I,10.25,-9.62,0,49,37,18,23,41,43,21,12,32,41,6,12,21,43,21,4
I,10.26,-9.66,0,24,33,31,31,40,22,22,3,42,10,32,41,47,48,23,19
I,10.26,-9.66,0,30,37,3,36,47,35,7,47,19,24,21,36,37,46,12,8
I,10.26,-9.66,0,49,2,7,8,26,39,48,31,38,17,13,46,45,4,17,5
I,10.26,-9.66,0,17,36,7,35,28,2,34,40,5,5,25,32,17,31,48,1
I,10.26,-9.66,0,4,19,47,18,13,17,47,17,11,15,13,18,15,18,38,14
I,10.34,-9.60,0,10,4,48,34,21,25,34,39,49,47,39,5,44,45,8,5
I,10.34,-9.60,0,40,18,40,19,28,39,18,41,47,40,28,31,39,4,28,5
I,10.34,-9.60,0,2,4,6,15,3,16,20,36,1,19,14,23,1,47,14,0
I,10.34,-9.60,0,45,5,48,39,33,3,42,24,24,11,4,13,40,38,1,10
I,10.34,-9.60,0,0,0,11,29,6,41,3,46,36,25,8,42,34,21,12,20
I,10.16,-9.60,0,17,10,32,1,28,12,21,45,43,36,48,19,14,39,11,32
I,10.16,-9.60,0,13,31,24,39,16,41,21,14,22,6,40,40,14,18,10,17
I,10.16,-9.60,0,2,44,10,8,29,35,20,10,0,1,32,17,24,42,6,6
I,10.16,-9.60,0,1,10,4,17,28,36,30,40,21,33,5,19,46,47,46,31
I,10.16,-9.60,0,23,32,39,41,7,47,34,10,46,22,34,16,19,46,34,5
I,10.17,-9.64,0,43,1,7,6,25,30,42,44,2,1,27,12,18,31,32,46
I,10.17,-9.64,0,28,27,4,12,16,9,9,7,21,48,14,21,10,28,47,20
I,10.17,-9.64,0,0,13,23,35,43,45,22,17,13,3,4,47,10,39,37,19
I,10.17,-9.64,0,33,19,14,47,28,1,10,5,34,18,41,36,22,45,22,3
I,10.17,-9.64,0,41,11,46,1,22,48,47,44,12,18,18,3,35,19,30,25
I,10.25,-9.65,0,29,9,34,25,5,41,29,42,14,0,14,3,21,3,2,0
I,10.25,-9.65,0,49,6,25,44,38,16,4,29,19,29,45,30,25,45,30,22
I,10.25,-9.65,0,34,14,3,8,23,6,37,16,9,15,38,42,49,8,38,33
I,10.25,-9.65,0,34,18,46,10,46,47,42,7,25,49,25,20,46,24,20,34
I,10.25,-9.65,0,32,30,29,6,46,36,47,37,49,27,4,44,17,40,39,46
I,10.18,-9.70,0,33,17,5,14,4,41,21,25,1,13,12,6,1,1,20,0
I,10.18,-9.70,0,41,40,34,35,29,19,12,36,4,29,15,35,3,14,41,33
I,10.18,-9.70,0,13,5,13,10,38,47,6,40,14,34,31,9,45,47,32,42
I,10.18,-9.70,0,41,29,28,27,33,37,42,35,27,44,9,35,17,14,12,14
I,10.18,-9.70,0,22,26,28,8,30,16,18,2,14,26,34,23,18,48,22,15
I,10.21,-9.58,0,39,27,32,10,34,42,15,32,11,12,37,27,26,9,31,21
I,10.21,-9.58,0,10,35,42,26,38,15,41,38,26,29,22,33,33,29,45,21
I,10.21,-9.58,0,0,29,31,48,24,8,43,3,2,28,10,10,18,34,23,44
I,10.21,-9.58,0,41,14,21,36,9,38,7,6,8,15,8,38,1,37,25,14
I,10.21,-9.58,0,8,30,26,22,48,22,32,38,37,33,47,34,27,12,31,16
I,10.27,-9.63,0,46,39,33,41,43,10,4,7,10,29,27,5,36,28,23,46
I,10.27,-9.63,0,44,42,29,24,43,16,17,7,46,20,41,19,6,23,35,17
I,10.27,-9.63,0,25,1,16,48,26,39,12,17,30,48,28,45,7,42,37,0
I,10.27,-9.63,0,37,14,36,46,14,6,45,3,22,29,5,23,27,4,35,12
I,10.27,-9.63,0,36,18,12,2,8,2,3,27,0,16,11,0,24,7,44,29
I,10.25,-9.69,0,11,37,2,0,20,16,29,46,47,5,43,47,1,38,30,28
I,10.25,-9.69,0,40,17,43,11,28,45,17,32,4,25,4,42,29,41,30,2
I,10.25,-9.69,0,28,12,31,9,41,27,43,36,8,33,45,1,5,15,37,11
I,10.25,-9.69,0,7,31,48,32,22,23,20,22,30,4,30,31,39,25,27,39
I,10.25,-9.69,0,10,39,14,19,8,41,45,47,12,39,12,35,27,43,45,14
I,10.20,-9.68,0,3,27,47,22,12,6,45,36,48,5,42,20,20,2,19,18
I,10.20,-9.68,0,33,18,1,38,18,10,2,10,20,12,43,45,5,31,43,10
I,10.20,-9.68,0,48,29,10,39,32,48,30,14,21,28,36,23,47,3,24,45
I,10.20,-9.68,0,14,23,23,34,14,30,19,25,11,23,35,10,30,24,1,3
I,10.20,-9.68,0,33,22,2,17,45,40,16,49,23,13,28,11,21,8,28,34
I,10.20,-9.64,0,43,32,28,44,17,4,5,45,40,7,45,12,18,47,1,32
I,10.20,-9.64,0,17,39,18,43,6,13,14,23,49,42,3,41,19,26,9,11
I,10.20,-9.64,0,13,28,9,15,28,37,43,43,32,30,42,13,2,11,5,31
I,10.20,-9.64,0,26,28,30,42,23,38,6,46,41,18,44,46,32,35,15,44
I,10.20,-9.64,0,39,11,34,5,17,15,0,3,43,23,1,20,10,30,19,19
I,10.18,-9.73,0,44,24,8,13,22,31,28,11,19,41,5,6,25,23,2,18
I,10.18,-9.73,0,6,49,22,22,30,28,1,36,34,16,25,46,24,41,21,42
I,10.18,-9.73,0,9,47,16,27,18,49,5,27,21,46,1,47,48,1,31,42
I,10.18,-9.73,0,49,6,46,2,38,28,29,18,5,36,27,46,14,27,1,4
I,10.18,-9.73,0,13,22,21,39,18,7,46,48,24,41,19,24,3,33,22,40
I,10.16,-9.62,0,10,36,48,12,13,22,21,45,15,5,8,47,49,30,26,13
I,10.16,-9.62,0,0,5,20,41,14,19,30,18,41,42,36,16,1,14,22,5
I,10.16,-9.62,0,27,16,18,36,16,10,18,46,30,11,19,10,20,32,30,38
I,10.16,-9.62,0,16,0,20,40,10,30,24,24,33,39,46,25,6,5,41,9
I,10.16,-9.62,0,32,12,0,18,46,35,14,39,0,43,20,0,7,14,25,8
I,10.19,-9.59,0,29,32,16,41,33,25,39,38,38,16,42,35,10,49,24,2
I,10.19,-9.59,0,28,18,25,17,9,3,22,16,49,18,48,5,28,13,23,41
I,10.19,-9.59,0,37,41,43,26,0,11,17,20,27,49,28,38,17,29,10,10
I,10.19,-9.59,0,0,48,35,16,15,19,16,12,46,45,20,41,0,21,12,36
I,10.19,-9.59,0,8,17,40,41,14,46,5,45,24,0,25,19,7,39,14,42
I,10.18,-9.68,0,4,24,8,18,44,23,41,36,42,47,46,26,12,24,45,1
I,10.18,-9.68,0,41,0,6,19,15,18,24,32,36,16,24,20,16,31,0,8
I,10.18,-9.68,0,36,6,47,41,49,41,40,41,21,37,0,15,38,4,29,26
I,10.28,-9.63,0,32,49,9,22,14,42,35,44,16,14,45,21,32,1,31,34
I,10.28,-9.63,0,37,17,43,2,46,19,10,37,0,5,11,45,20,18,3,4
I,10.28,-9.63,0,1,41,7,36,18,10,4,3,16,3,33,28,6,17,0,13
I,10.20,-9.52,0,24,42,21,7,49,24,42,9,31,39,4,45,8,5,36,4
I,10.20,-9.52,0,25,22,12,34,11,33,34,10,10,47,14,31,37,0,44,27
I,10.20,-9.52,0,17,8,47,35,49,33,24,6,33,14,26,45,17,47,9,47
I,10.20,-9.52,0,28,34,48,23,44,12,33,44,12,34,10,22,46,17,49,22
I,10.20,-9.52,0,5,24,32,3,45,5,47,38,33,27,41,34,48,26,46,48
I,10.17,-9.57,0,17,31,5,32,36,27,45,29,39,1,33,19,31,20,42,8
I,10.17,-9.57,0,41,30,34,8,43,42,7,33,32,22,39,38,48,10,15,44
I,10.17,-9.57,0,38,47,2,39,39,20,31,10,48,28,42,1,38,24,25,13
I,10.17,-9.57,0,36,20,6,47,5,28,17,30,0,22,14,46,8,34,27,36
I,10.17,-9.57,0,41,39,39,21,12,31,5,39,44,39,32,0,12,0,17,30
I,10.28,-9.70,0,19,2,42,9,34,23,41,12,42,48,43,5,35,27,41,31
I,10.28,-9.70,0,26,3,36,2,48,23,39,45,14,30,11,37,25,32,20,32
I,10.28,-9.70,0,3,12,44,34,31,7,32,47,34,17,18,18,5,40,20,30
I,10.28,-9.70,0,15,16,28,25,23,15,28,36,3,45,0,48,33,7,42,39
I,10.28,-9.70,0,42,23,37,10,5,15,23,4,22,37,41,8,40,8,17,18
I,10.29,-9.62,0,7,25,24,23,28,4,14,20,22,13,33,13,31,26,48,4
I,10.29,-9.62,0,40,36,18,9,1,0,14,31,17,47,24,38,18,1,26,43
I,10.29,-9.62,0,30,7,36,29,19,42,28,47,43,28,21,20,7,45,39,8
I,10.29,-9.62,0,4,39,33,41,34,17,41,32,44,35,13,43,40,48,20,26
I,10.29,-9.62,0,13,12,26,19,32,9,3,15,27,43,27,11,19,1,27,8
I,10.26,-9.63,0,46,27,49,41,15,15,39,45,16,46,4,17,46,42,32,31
I,10.26,-9.63,0,0,19,10,26,12,2,48,23,0,40,2,10,43,39,37,5
I,10.26,-9.63,0,34,23,26,9,35,6,0,5,43,13,17,29,32,23,48,39
I,10.26,-9.63,0,34,20,39,0,2,9,29,3,39,47,9,7,35,5,29,17
I,10.26,-9.63,0,31,34,10,12,29,23,47,27,30,27,46,9,21,47,26,35
I,10.13,-9.72,0,22,27,32,28,42,26,47,11,47,5,15,23,47,24,40,14
I,10.13,-9.72,0,16,33,37,41,8,20,5,49,26,47,18,17,30,34,6,16
I,10.13,-9.72,0,0,19,13,5,32,23,42,45,21,46,9,29,31,2,22,17
I,10.13,-9.72,0,18,42,24,4,10,16,21,13,34,46,23,17,33,18,31,29
I,10.13,-9.72,0,18,5,23,40,29,4,9,17,41,27,35,40,24,37,38,8
I,10.14,-9.66,0,21,3,20,46,5,32,46,35,11,6,36,34,3,10,29,12
I,10.14,-9.66,0,6,0,4,41,4,1,47,6,12,1,32,38,18,13,1,3
I,10.14,-9.66,0,23,38,31,8,47,15,19,42,28,46,0,12,33,40,15,12
I,10.14,-9.66,0,23,22,46,43,11,46,46,9,35,12,48,21,43,3,18,47
I,10.14,-9.66,0,22,26,1,0,49,18,42,38,45,40,9,9,33,25,21,23
I,10.13,-9.66,0,37,49,20,47,28,41,22,27,45,8,15,31,28,26,12,27
I,10.13,-9.66,0,42,38,28,23,12,4,42,14,7,16,40,21,34,38,34,15
I,10.13,-9.66,0,39,30,17,10,21,49,7,7,10,28,49,24,9,45,48,1
I,10.13,-9.66,0,11,4,21,14,4,44,25,9,48,5,2,33,46,22,46,18
I,10.13,-9.66,0,12,37,3,47,23,5,35,34,3,1,48,20,34,6,28,33
I,10.29,-9.58,0,46,1,25,49,17,5,17,19,37,24,41,49,5,38,8,0
I,10.29,-9.58,0,36,32,9,29,3,5,20,44,32,10,35,3,7,27,26,39
I,10.29,-9.58,0,41,46,8,38,1,30,6,35,49,24,39,26,30,13,37,48
I,10.29,-9.58,0,33,49,44,0,20,25,2,26,2,3,1,23,2,29,41,2
I,10.29,-9.58,0,26,36,15,48,0,45,17,44,18,15,25,14,49,12,30,2
I,10.25,-9.63,0,19,38,46,37,13,21,30,4,29,0,44,15,10,38,5,2
I,10.25,-9.63,0,8,35,30,37,1,2,8,22,24,0,33,44,17,30,27,21
I,10.25,-9.63,0,39,48,34,45,25,43,32,27,16,10,12,48,43,20,20,45
I,10.25,-9.63,0,39,22,29,3,36,12,29,18,40,16,16,11,9,15,8,37
I,10.25,-9.63,0,40,24,10,11,11,22,18,44,46,28,8,5,7,3,48,19
I,10.25,-9.59,0,20,18,46,31,1,31,28,7,21,27,22,46,22,30,29,23
I,10.25,-9.59,0,40,4,34,45,49,5,44,1,46,14,38,46,37,34,39,40
I,10.25,-9.59,0,45,26,47,28,35,0,47,42,49,4,47,30,4,40,15,17
I,10.25,-9.59,0,3,22,38,11,34,28,47,14,28,26,4,4,31,6,7,14
I,10.25,-9.59,0,12,47,32,19,14,47,15,43,36,0,2,35,49,32,0,7
I,10.22,-9.62,0,41,16,8,35,40,0,49,1,36,11,10,32,14,7,3,35
I,10.22,-9.62,0,38,16,14,41,27,41,27,9,8,5,5,35,2,41,48,41
I,10.22,-9.62,0,43,29,39,28,6,23,35,18,1,30,19,44,39,31,37,38
I,10.22,-9.62,0,4,35,36,15,18,44,29,37,13,16,12,14,28,27,42,18
I,10.22,-9.62,0,20,42,32,0,26,3,31,17,44,28,21,29,0,37,14,15
I,10.23,-9.61,0,36,38,29,7,0,1,45,33,20,32,20,38,46,1,10,18
I,10.23,-9.61,0,40,12,32,35,12,15,6,33,32,33,4,8,14,1,49,39
I,10.23,-9.61,0,14,28,19,49,17,23,5,11,44,19,20,28,39,34,28,10
I,10.23,-9.61,0,41,18,24,1,39,31,27,42,39,7,15,34,13,43,6,32
I,10.23,-9.61,0,1,25,35,37,16,11,41,49,42,4,21,33,22,42,2,2
I,10.25,-9.65,0,19,22,35,20,21,17,7,15,48,2,10,38,30,45,6,28
I,10.25,-9.65,0,18,38,25,2,4,10,46,6,8,26,15,26,16,14,20,40
I,10.25,-9.65,0,33,36,36,28,40,2,27,4,45,7,30,32,24,9,2,42
I,10.25,-9.65,0,20,26,27,12,33,23,12,44,45,48,46,1,16,15,27,49
I,10.25,-9.65,0,33,49,27,47,26,37,38,29,14,20,19,24,32,35,30,16
I,10.24,-9.56,0,26,45,34,25,9,21,26,4,2,39,29,25,41,7,46,24
I,10.24,-9.56,0,43,16,23,17,20,1,30,46,4,23,3,48,12,47,16,43
I,10.24,-9.56,0,6,32,4,17,43,41,26,0,18,12,36,10,19,25,25,36
I,10.24,-9.56,0,45,14,10,34,13,48,49,9,16,36,25,13,44,20,42,9
I,10.24,-9.56,0,30,1,33,23,9,48,30,6,26,7,18,16,17,22,22,18
I,10.19,-9.62,0,46,37,34,49,44,2,17,14,21,41,39,47,35,29,25,40
I,10.19,-9.62,0,42,12,48,1,28,38,4,1,27,38,42,26,3,38,47,11
I,10.19,-9.62,0,17,25,19,3,0,6,13,36,20,29,32,9,26,7,26,21
I,10.19,-9.62,0,49,37,25,23,31,48,31,36,34,12,20,16,13,26,28,40
I,10.19,-9.62,0,10,13,45,2,0,22,11,9,9,9,4,34,15,35,11,35
I,10.22,-9.65,0,8,40,23,35,29,15,18,13,35,47,17,39,36,1,12,20
I,10.22,-9.65,0,33,34,34,45,45,31,42,8,11,42,17,28,32,35,36,26
I,10.22,-9.65,0,33,23,2,18,44,27,10,16,28,21,13,1,9,10,43,39
I,10.22,-9.65,0,6,46,45,8,39,41,36,35,24,10,13,31,11,22,2,45
I,10.22,-9.65,0,41,44,48,17,39,24,49,34,28,7,18,18,29,15,31,2
I,10.18,-9.66,0,35,48,4,16,36,18,33,30,43,18,4,18,9,25,42,5
I,10.18,-9.66,0,26,32,16,19,7,20,0,44,0,5,20,3,17,5,47,22
I,10.18,-9.66,0,24,11,35,3,41,25,28,12,17,8,10,32,25,32,35,36
I,10.18,-9.66,0,49,40,6,23,41,17,36,44,27,1,21,31,9,27,26,38
I,10.18,-9.66,0,46,45,7,21,21,0,9,30,34,12,3,28,5,32,25,5
I,10.25,-9.58,0,21,47,21,3,3,13,28,11,36,36,15,41,0,33,13,42
I,10.25,-9.58,0,17,41,1,11,9,25,10,1,12,9,30,28,29,1,33,8
I,10.25,-9.58,0,26,10,37,34,47,46,6,9,25,44,10,1,25,39,3,3
I,10.25,-9.58,0,16,21,26,48,25,11,43,41,34,3,6,16,10,0,13,4
I,10.25,-9.58,0,31,4,27,29,31,44,14,22,49,23,23,17,42,14,10,45
I,10.17,-9.69,0,7,39,38,46,22,15,9,11,31,20,17,34,37,15,44,24
I,10.17,-9.69,0,23,19,16,26,21,6,6,31,49,20,18,3,12,13,41,19
I,10.17,-9.69,0,9,48,47,41,38,28,3,15,30,36,17,26,23,40,19,21
I,10.17,-9.69,0,31,4,12,42,29,24,8,3,29,39,28,25,7,39,32,43
I,10.17,-9.69,0,26,41,12,21,11,0,27,41,42,28,41,17,22,42,7,15
I,10.21,-9.64,0,31,4,20,6,34,21,27,7,21,16,43,22,7,19,49,15
I,10.21,-9.64,0,38,17,34,11,20,40,42,22,36,35,17,37,49,21,43,8
I,10.21,-9.64,0,12,42,8,36,1,13,32,17,6,28,40,10,31,27,1,0
I,10.21,-9.64,0,10,45,25,22,38,21,14,41,21,1,34,33,15,27,20,37
I,10.21,-9.64,0,15,46,9,24,34,35,45,47,17,45,38,24,27,8,2,45
I,10.25,-9.58,0,16,42,5,17,24,3,1,6,40,28,34,3,23,5,41,17
I,10.25,-9.58,0,23,13,0,37,16,12,9,4,27,9,48,45,42,38,32,34
I,10.25,-9.58,0,17,11,40,33,31,22,44,15,0,46,12,8,4,8,46,46
I,10.25,-9.58,0,30,34,27,38,43,10,23,31,3,3,20,14,22,42,34,49
I,10.25,-9.58,0,9,3,14,17,21,18,21,14,5,24,42,15,39,4,1,15
I,10.25,-9.60,0,32,4,3,20,19,11,21,33,18,28,40,10,39,45,15,14
I,10.25,-9.60,0,48,40,16,37,3,12,4,14,31,15,34,27,17,6,29,11
I,10.25,-9.60,0,1,19,9,49,11,48,29,46,23,26,48,27,31,46,15,24
I,10.25,-9.60,0,0,21,45,20,16,44,23,20,38,13,5,23,17,19,14,34
I,10.25,-9.60,0,11,15,2,25,29,9,11,23,8,20,30,44,3,46,19,37
I,10.30,-9.51,0,37,18,13,3,34,34,18,42,15,42,15,1,13,38,0,29
I,10.30,-9.51,0,48,4,43,43,8,48,20,14,33,3,46,1,38,30,5,9
I,10.30,-9.51,0,10,26,16,34,9,0,41,47,27,33,45,21,21,8,34,35
I,10.30,-9.51,0,42,5,1,24,12,33,21,31,42,17,46,34,13,31,9,46
I,10.30,-9.51,0,11,42,47,26,0,31,16,42,23,7,43,11,41,43,21,30
I,10.18,-9.60,0,19,47,2,0,37,35,14,38,38,10,3,43,42,46,37,21
I,10.18,-9.60,0,36,34,4,4,46,35,44,10,46,43,23,11,44,28,30,42
I,10.18,-9.60,0,36,49,1,49,32,18,47,2,9,8,39,39,12,28,42,2
I,10.18,-9.60,0,11,14,4,11,45,29,19,41,45,48,46,2,29,35,37,41
I,10.18,-9.60,0,30,26,47,22,36,40,31,16,10,25,14,2,2,46,5,19
I,10.22,-9.65,0,0,12,46,23,20,16,15,29,11,37,10,45,30,47,49,14
I,10.22,-9.65,0,18,41,26,35,3,25,23,49,34,17,14,3,12,31,27,4
I,10.22,-9.65,0,33,48,20,28,43,46,42,45,30,46,22,4,45,24,3,18
I,10.22,-9.65,0,10,13,7,22,48,32,21,44,3,7,18,15,46,0,39,34
I,10.22,-9.65,0,19,0,22,11,26,46,15,36,23,23,10,29,19,20,33,8
I,10.21,-9.65,0,34,8,3,33,34,38,14,11,38,43,3,36,6,1,17,5
I,10.21,-9.65,0,20,41,40,16,24,4,33,16,6,26,44,26,43,49,15,43
I,10.21,-9.65,0,41,22,27,29,44,24,8,19,39,25,3,1,2,42,7,14
I,10.21,-9.65,0,40,25,11,13,30,39,39,16,7,16,24,13,11,0,23,36
I,10.21,-9.65,0,48,3,26,9,11,13,48,44,14,11,5,12,36,20,30,30
I,10.29,-9.65,0,9,33,10,28,31,28,32,21,46,6,4,7,4,29,26,13
I,10.29,-9.65,0,7,2,25,12,28,29,8,24,49,48,32,32,21,28,38,45
I,10.29,-9.65,0,46,4,35,43,5,31,0,28,35,46,46,25,14,42,26,33
I,10.29,-9.65,0,47,49,28,39,34,12,30,21,49,28,23,45,8,30,11,35
I,10.29,-9.65,0,32,33,19,23,15,40,47,10,35,34,7,19,19,23,3,0
I,10.24,-9.66,0,37,13,33,17,28,5,19,16,12,16,44,43,20,36,3,39
I,10.24,-9.66,0,10,1,28,1,5,33,49,28,10,16,41,14,48,5,25,32
I,10.24,-9.66,0,31,38,31,34,10,26,39,10,20,32,42,30,41,47,5,6
I,10.24,-9.66,0,30,12,43,24,39,16,3,10,10,15,19,7,21,48,28,41
I,10.24,-9.66,0,12,46,29,1,11,17,26,38,23,48,30,27,28,0,32,41
I,10.17,-9.55,0,3,34,27,27,12,0,33,30,18,48,15,30,18,33,10,13
I,10.17,-9.55,0,30,36,22,49,8,27,42,49,47,27,33,3,37,12,14,16
I,10.17,-9.55,0,18,22,6,30,10,41,5,38,27,40,44,16,7,37,48,17
I,10.17,-9.55,0,49,32,6,4,37,7,8,3,19,24,37,5,48,46,49,34
I,10.17,-9.55,0,40,13,40,16,33,14,41,23,3,37,23,48,30,0,39,24
I,10.18,-9.60,0,4,45,20,37,2,24,43,48,20,12,16,0,45,17,13,16
I,10.18,-9.60,0,37,10,44,9,27,42,3,20,45,22,10,49,15,18,38,12
I,10.18,-9.60,0,13,38,22,48,32,38,48,28,47,38,39,25,11,7,25,15
I,10.18,-9.60,0,49,17,33,48,39,26,19,15,36,22,11,11,17,47,15,7
I,10.18,-9.60,0,3,32,7,4,9,14,44,38,19,45,15,27,1,44,1,38
I,10.20,-9.57,0,12,48,30,34,48,18,35,38,28,42,10,48,16,38,15,45
I,10.20,-9.57,0,25,6,29,4,10,8,16,19,46,38,36,39,21,40,11,29
I,10.20,-9.57,0,39,42,20,43,33,41,13,2,24,3,39,14,12,1,18,30
I,10.20,-9.57,0,1,18,12,23,6,5,20,4,0,42,43,5,22,33,33,36
I,10.20,-9.57,0,17,23,36,49,2,42,48,32,4,23,49,38,18,21,25,41
I,10.23,-9.63,0,5,9,38,20,18,32,4,8,11,0,48,14,6,13,5,48
I,10.23,-9.63,0,44,27,28,49,21,35,44,45,26,7,36,10,0,20,8,42
I,10.23,-9.63,0,13,43,37,17,24,22,15,46,26,40,25,41,20,26,6,1
I,10.23,-9.63,0,14,46,1,49,15,10,15,12,45,8,35,27,48,32,3,19
I,10.23,-9.63,0,11,17,23,13,12,45,5,15,7,4,39,13,36,10,21,44
I,10.20,-9.57,0,17,4,15,21,4,30,22,10,37,9,26,44,33,21,20,8
I,10.20,-9.57,0,23,8,17,8,38,31,27,7,47,28,33,7,47,27,23,15
I,10.20,-9.57,0,8,31,34,31,22,27,20,47,22,12,3,47,23,46,15,13
I,10.20,-9.57,0,4,2,33,5,39,29,42,40,36,15,4,8,45,26,21,27
I,10.20,-9.57,0,24,1,39,45,49,43,31,29,8,48,25,10,43,35,35,38
I,10.19,-9.62,0,26,48,22,14,48,23,18,30,7,40,22,7,0,27,39,40
I,10.19,-9.62,0,41,41,20,31,9,41,0,8,23,43,29,13,26,28,29,18
I,10.19,-9.62,0,33,14,29,7,14,15,12,30,24,37,17,49,43,28,1,10
I,10.19,-9.62,0,32,24,16,40,25,10,30,44,13,1,13,23,42,35,35,38
I,10.19,-9.62,0,41,20,23,46,4,20,45,11,35,23,38,47,14,8,40,8
I,10.17,-9.66,0,43,11,26,29,38,27,11,12,21,22,4,48,16,33,27,45
I,10.17,-9.66,0,26,1,9,17,13,17,37,2,44,25,34,19,8,32,12,46
I,10.17,-9.66,0,31,24,0,41,36,30,18,27,9,45,24,2,44,32,30,4
I,10.17,-9.66,0,4,41,48,8,42,31,30,47,4,0,1,6,5,49,42,40
I,10.17,-9.66,0,13,38,29,49,4,0,44,41,3,18,28,19,43,27,16,16
I,10.25,-9.54,0,4,29,14,18,2,35,3,4,43,11,9,13,11,15,27,41
I,10.25,-9.54,0,10,45,29,32,21,42,36,1,15,16,0,2,13,24,24,12
I,10.25,-9.54,0,38,16,31,41,14,29,28,43,21,47,19,5,1,11,46,29
I,10.25,-9.54,0,24,45,37,19,22,42,25,29,14,12,39,24,31,9,10,20
I,10.25,-9.54,0,23,4,3,23,27,15,15,15,43,45,8,17,26,15,29,30
I,10.17,-9.64,0,36,40,20,28,1,28,24,20,14,26,48,36,18,3,48,44
I,10.17,-9.64,0,29,26,8,27,31,35,0,21,10,19,4,16,4,41,18,0
I,10.17,-9.64,0,26,31,36,7,7,41,26,45,17,20,19,39,35,2,10,26
I,10.17,-9.64,0,6,7,21,44,28,46,34,34,14,40,32,16,20,20,20,15
I,10.17,-9.64,0,32,41,27,23,11,20,44,8,16,37,39,34,27,42,44,29
I,10.22,-9.61,0,30,28,19,23,26,20,15,35,49,11,38,37,27,25,12,19
I,10.22,-9.61,0,36,42,45,43,2,13,9,22,17,19,17,21,30,40,36,25
I,10.22,-9.61,0,1,19,7,13,47,28,20,44,37,24,42,11,15,49,3,32
I,10.22,-9.61,0,30,40,2,10,1,44,23,6,42,16,24,31,1,26,2,24
I,10.22,-9.61,0,5,32,25,9,5,3,49,41,19,5,24,21,19,10,13,14
I,10.19,-9.57,0,15,20,16,28,9,23,12,27,21,0,42,22,1,34,39,6
I,10.19,-9.57,0,0,1,6,1,39,42,32,19,49,49,35,34,49,22,21,19
I,10.19,-9.57,0,5,27,25,10,15,8,21,23,32,20,28,23,31,17,25,26
I,10.19,-9.57,0,18,44,36,27,29,11,46,2,29,6,32,5,14,15,13,7
I,10.19,-9.57,0,41,42,39,41,21,13,42,17,42,8,38,8,11,21,10,4
I,10.16,-9.63,0,46,6,39,34,21,22,33,8,12,25,40,12,1,34,42,18
I,10.16,-9.63,0,16,13,39,45,27,20,27,35,20,22,39,40,30,14,24,48
I,10.16,-9.63,0,33,45,23,30,3,45,17,27,38,1,3,45,16,44,36,27
I,10.16,-9.63,0,35,43,18,40,49,16,45,19,27,20,7,21,37,23,9,9
I,10.16,-9.63,0,29,22,1,47,25,25,21,1,10,36,9,1,9,16,36,13
I,10.18,-9.62,0,23,1,11,39,43,42,16,7,10,25,13,11,10,26,22,37
I,10.18,-9.62,0,4,1,35,44,0,7,12,24,45,29,45,12,37,22,33,24
I,10.18,-9.62,0,3,22,26,11,40,38,48,29,14,10,46,27,20,27,32,29
I,10.18,-9.62,0,13,23,3,14,27,6,24,45,13,8,34,46,21,0,41,49
I,10.18,-9.62,0,19,41,36,28,12,30,13,36,1,36,35,0,32,13,6,31
I,10.22,-9.62,0,9,43,12,40,3,38,40,4,36,1,8,23,14,5,7,5
I,10.22,-9.62,0,14,17,30,49,48,18,29,37,4,49,15,15,10,15,15,11
I,10.22,-9.62,0,45,4,21,28,16,46,21,13,40,46,7,31,1,22,8,36
I,10.22,-9.62,0,10,41,36,27,12,23,12,6,35,41,7,41,48,4,9,9
I,10.22,-9.62,0,48,32,18,14,6,22,20,43,47,35,11,34,42,31,22,41
I,10.18,-9.68,0,8,37,38,37,17,24,27,32,41,47,47,39,19,13,44,43
I,10.18,-9.68,0,13,30,20,20,40,26,12,24,20,11,6,28,0,36,18,1
I,10.18,-9.68,0,39,15,27,32,49,30,18,25,46,41,43,40,24,44,43,47
I,10.18,-9.68,0,21,37,4,1,39,42,22,39,19,16,13,35,14,12,32,4
I,10.18,-9.68,0,15,25,10,34,15,47,16,23,24,4,38,49,14,34,18,39
I,10.24,-9.58,0,34,34,15,14,15,44,34,19,20,19,5,11,16,29,31,39
I,10.24,-9.58,0,4,49,8,30,43,8,20,13,26,20,7,46,29,36,2,36
I,10.24,-9.58,0,26,41,16,29,1,10,32,23,6,10,19,15,26,7,35,33
I,10.24,-9.58,0,25,30,4,28,39,46,40,31,49,9,44,12,2,40,26,23
I,10.24,-9.58,0,14,42,20,34,23,16,45,47,4,4,17,8,30,6,21,39
I,10.18,-9.58,0,44,0,44,34,29,26,19,7,43,25,35,20,19,26,35,18
I,10.18,-9.58,0,20,31,27,7,44,19,23,47,5,1,35,42,32,9,9,7
I,10.18,-9.58,0,0,7,2,47,38,8,21,35,49,36,39,44,25,29,46,37
I,10.18,-9.58,0,19,7,24,2,7,7,2,9,47,27,43,16,37,49,40,38
I,10.18,-9.58,0,20,33,31,10,28,46,44,32,27,11,26,33,15,26,40,38
I,10.19,-9.61,0,36,11,21,9,23,31,10,8,48,19,30,7,46,42,49,13
I,10.19,-9.61,0,42,12,32,47,42,10,11,12,10,17,0,16,48,34,24,15
I,10.19,-9.61,0,25,47,3,47,36,48,6,6,37,30,33,27,33,48,43,27
I,10.19,-9.61,0,30,17,41,45,13,37,28,44,33,24,9,44,35,23,23,38
I,10.19,-9.61,0,3,2,40,5,7,39,23,39,17,25,43,49,3,41,27,3
I,10.22,-9.61,0,4,17,39,28,32,1,35,20,24,42,5,10,36,4,23,20
I,10.22,-9.61,0,30,45,29,3,5,40,35,41,37,14,23,39,7,35,11,27
I,10.22,-9.61,0,48,38,7,20,23,17,29,16,2,30,46,20,0,9,32,40
I,10.22,-9.61,0,47,27,3,48,38,19,3,24,15,49,23,34,41,47,10,38
I,10.22,-9.61,0,43,47,8,49,29,31,27,19,4,5,0,24,13,5,27,10
I,10.25,-9.61,0,9,40,23,14,11,41,9,13,27,6,8,15,7,10,41,32
I,10.25,-9.61,0,34,16,34,35,16,43,43,0,40,38,15,17,45,17,47,0
I,10.25,-9.61,0,11,36,38,8,1,5,40,6,15,49,22,0,20,23,18,38
I,10.25,-9.61,0,4,30,33,37,19,9,8,8,29,47,31,40,21,23,4,7
I,10.25,-9.61,0,14,3,24,36,28,5,8,21,0,13,12,39,16,30,46,37
I,10.23,-9.67,0,5,48,20,26,42,10,1,31,20,22,26,41,17,24,36,9
I,10.23,-9.67,0,15,20,21,30,6,27,27,38,43,25,20,42,48,32,49,2
I,10.23,-9.67,0,49,3,38,18,7,45,2,29,3,1,40,38,10,15,4,15
I,10.23,-9.67,0,44,37,46,26,42,28,26,23,10,45,37,5,47,30,21,8
I,10.23,-9.67,0,36,10,6,39,22,9,6,30,46,17,35,26,16,45,9,26
I,10.33,-9.64,0,9,48,37,10,24,15,37,24,26,6,33,35,35,46,19,40
I,10.33,-9.64,0,47,12,26,8,12,14,16,24,2,37,34,12,45,21,12,40
I,10.33,-9.64,0,29,8,25,20,12,7,43,29,45,1,13,46,20,29,42,6
I,10.33,-9.64,0,44,41,14,33,47,2,20,13,3,11,25,46,40,44,47,20
I,10.33,-9.64,0,34,37,44,16,41,5,17,4,4,4,20,47,9,28,9,49
I,10.27,-9.66,0,36,40,39,49,11,8,1,46,13,18,26,21,30,13,40,17
I,10.27,-9.66,0,26,48,49,30,48,7,22,4,35,27,30,43,45,4,0,38
I,10.27,-9.66,0,39,45,5,40,34,38,38,32,16,11,29,7,16,12,32,48
I,10.27,-9.66,0,36,14,23,20,7,42,10,44,2,33,45,16,34,33,42,36
I,10.27,-9.66,0,25,7,5,47,32,21,46,36,37,9,12,16,17,21,21,4
I,10.30,-9.56,0,21,9,9,6,48,21,33,45,6,25,38,24,9,31,18,11
I,10.30,-9.56,0,37,33,21,6,26,28,4,18,15,22,21,14,43,20,2,2
I,10.30,-9.56,0,8,29,47,0,11,24,18,41,47,32,20,10,28,20,43,22
I,10.30,-9.56,0,27,20,8,23,47,9,46,45,18,21,14,43,35,27,48,0
I,10.30,-9.56,0,25,41,48,7,30,5,5,31,18,37,48,18,40,16,3,17
I,10.22,-9.49,0,12,32,44,36,35,14,43,21,5,0,2,39,3,24,23,11
I,10.22,-9.49,0,25,14,21,14,36,37,6,32,27,44,25,11,17,43,26,12
I,10.22,-9.49,0,43,17,23,35,39,34,3,4,30,44,5,42,40,16,12,17
I,10.22,-9.49,0,19,47,23,7,13,46,37,3,29,15,15,46,8,7,4,48
I,10.22,-9.49,0,33,46,25,12,15,41,39,36,26,17,36,20,10,47,44,44
I,10.17,-9.65,0,30,16,3,5,6,1,17,2,12,39,3,45,40,49,41,35
I,10.17,-9.65,0,31,21,16,30,41,4,6,41,30,22,32,0,25,5,25,8
I,10.17,-9.65,0,19,46,37,17,11,31,5,13,47,39,32,40,32,43,25,1
I,10.17,-9.65,0,47,31,1,17,35,23,23,46,7,25,9,30,25,46,2,6
I,10.17,-9.65,0,26,16,7,33,1,11,4,25,22,44,34,7,40,18,37,5
I,10.25,-9.71,0,39,11,25,16,29,43,28,45,13,47,13,40,29,35,41,25
I,10.25,-9.71,0,24,41,6,46,29,20,42,32,32,27,6,1,19,44,23,46
I,10.25,-9.71,0,22,21,42,7,49,41,38,28,25,42,12,35,29,12,27,5
I,10.25,-9.71,0,11,29,34,22,48,42,3,41,6,41,1,40,29,34,28,40
I,10.25,-9.71,0,30,26,28,20,47,33,0,41,19,46,1,6,20,4,15,36
F